,1,2,3,4,5,6,7,8,9,10,11,12,13,14,15,16,17,18,19,20,21,22,23,24,25,Species
1,256,245,249,256,252,256,234,203,213,258,254,256,196,254,255,258,228,212,250,253,248,231,254,253,255,1
2,168,158,158,149,132,138,136,137,132,124,143,150,147,144,131,132,130,139,124,122,143,143,138,136,131,0
3,254,242,250,251,253,258,229,206,214,256,254,249,198,259,258,252,224,209,255,256,254,231,254,254,253,1
4,168,157,161,144,137,134,136,140,130,125,142,151,147,144,132,131,129,138,125,122,142,144,140,134,130,0
5,257,247,248,253,253,255,231,208,210,253,252,254,196,253,255,253,227,208,253,255,252,234,254,255,251,1
6,171,156,161,147,135,137,137,137,132,123,142,149,148,144,134,133,130,138,126,124,144,139,139,135,128,0
7,253,246,252,258,253,251,236,206,214,259,256,253,195,252,258,255,229,209,257,252,250,233,252,252,256,1
8,167,155,162,148,133,137,139,139,129,125,141,154,146,146,131,132,132,136,125,124,146,142,139,135,131,0
9,255,232,206,211,258,258,256,198,248,258,250,225,210,256,257,255,226,253,259,257,252,251,168,234,256,1
10,153,151,152,145,147,169,158,161,148,134,139,137,140,134,123,141,153,148,143,129,138,129,139,123,119,0
11,250,233,207,216,254,249,256,193,257,256,254,231,209,254,256,249,231,252,257,257,255,254,168,232,252,1
12,154,153,150,145,146,167,155,158,150,136,139,135,139,130,121,143,149,147,146,129,135,130,135,126,121,0
13,257,231,204,210,255,257,252,196,254,254,253,226,208,254,254,257,228,255,250,252,247,255,170,232,255,1
14,156,153,151,150,144,169,159,159,147,135,137,139,137,131,121,143,153,146,147,133,134,129,138,125,125,0
15,251,229,208,216,253,252,256,197,254,258,256,225,210,257,250,256,233,255,256,255,255,255,172,233,254,1
16,157,153,152,147,142,168,158,160,146,135,136,138,140,131,122,139,148,145,144,128,132,130,138,127,121,0
17,251,253,195,254,252,260,227,206,251,255,254,235,255,256,255,254,254,171,234,259,254,246,246,251,253,1
18,151,155,152,137,136,130,137,139,145,140,147,144,147,142,126,142,150,150,147,136,140,132,135,144,142,0
19,257,257,193,253,253,252,229,207,253,253,256,231,248,252,252,255,253,170,236,257,256,245,249,253,254,1
20,156,155,153,137,133,133,137,138,146,141,145,144,148,142,126,144,149,153,146,137,137,134,133,145,145,0
21,254,254,194,255,254,255,228,209,252,253,252,226,255,251,253,252,253,175,236,252,256,244,248,256,253,1
22,151,151,152,138,134,133,139,140,147,139,144,144,145,141,128,143,151,153,146,139,142,135,134,144,144,0
23,253,252,197,253,252,254,228,208,252,253,251,233,253,253,254,256,254,171,232,248,257,249,245,253,252,1
24,155,155,149,137,133,130,135,139,148,145,146,145,147,143,127,143,149,154,149,139,142,133,136,145,144,0
25,251,223,202,252,256,257,234,254,255,252,257,252,173,235,253,255,243,247,251,255,254,209,235,258,251,1
26,150,121,113,118,126,125,113,122,138,136,121,117,104,103,118,126,105,104,107,129,126,116,126,118,108,0
27,257,227,214,250,257,255,228,257,256,253,256,254,166,233,250,255,245,241,252,257,255,209,232,258,255,1
28,152,117,112,119,126,128,114,123,138,136,118,115,106,102,120,128,106,104,106,130,129,116,127,118,109,0
29,258,229,214,254,254,248,232,256,252,249,258,258,171,234,253,250,245,245,254,256,252,217,233,254,254,1
30,150,119,112,119,124,128,113,126,141,136,118,116,105,106,119,127,105,104,104,128,131,114,125,119,111,0
31,256,228,208,255,250,257,232,253,256,252,253,254,172,234,253,260,248,245,251,252,256,213,232,257,252,1
32,151,119,111,119,126,126,114,124,138,136,120,116,105,105,120,126,103,104,105,130,130,115,124,117,110,0
33,256,233,253,252,255,257,253,169,238,253,255,240,249,254,256,254,216,234,253,256,255,255,175,249,255,1
34,146,145,144,141,128,142,151,152,149,140,141,135,135,144,142,155,154,148,149,143,168,157,161,145,136,0
35,255,231,252,256,254,255,254,172,233,250,255,244,247,256,258,253,214,233,256,256,253,256,173,248,253,1
36,147,144,147,139,130,145,149,150,146,138,142,135,136,146,141,155,148,149,149,143,167,158,162,148,134,0
37,255,231,257,258,254,253,256,170,231,255,251,247,250,251,256,251,212,229,251,255,252,250,170,251,254,1
38,146,146,142,142,124,144,149,153,149,141,142,134,135,146,142,154,151,150,148,142,167,157,158,144,135,0
39,258,236,256,253,257,253,257,172,229,253,256,245,240,251,254,252,215,233,259,255,257,249,171,257,251,1
40,145,145,145,142,127,145,149,153,147,138,138,132,136,144,143,155,153,151,149,146,169,158,160,145,136,0
41,256,251,169,235,252,258,247,248,252,252,249,212,233,252,251,251,257,170,258,253,252,243,245,254,252,1
42,145,142,150,138,132,119,115,126,127,128,139,137,132,123,127,142,140,131,136,132,122,129,113,115,109,0
43,254,259,169,237,251,255,246,247,252,255,252,215,234,259,254,257,255,169,252,256,257,245,236,250,253,1
44,142,141,151,140,132,120,114,123,126,126,139,137,134,124,124,141,139,133,135,131,122,126,110,115,110,0
45,251,259,170,241,256,256,247,245,252,258,253,214,233,255,255,254,256,170,253,252,250,246,243,251,256,1
46,144,140,152,138,132,118,115,124,126,127,141,140,134,123,127,140,141,129,137,133,121,128,113,115,110,0
47,257,257,171,238,250,257,242,246,252,254,254,217,230,256,254,254,252,175,257,249,253,246,245,252,257,1
48,145,140,149,138,132,118,115,126,123,126,140,136,135,124,126,141,141,129,134,133,121,128,110,113,111,0
49,253,246,248,255,252,254,213,235,255,250,254,254,175,256,251,254,246,244,254,251,257,256,239,239,261,1
50,143,137,153,146,149,51,84,61,87,73,97,111,109,104,59,118,83,93,131,130,62,102,83,94,101,0
51,254,247,244,255,254,256,212,235,253,253,254,250,165,249,259,254,247,247,252,257,252,253,238,236,254,1
52,144,139,155,147,147,49,85,61,87,74,96,112,109,107,58,116,84,96,128,131,61,102,85,95,100,0
53,256,249,248,256,253,255,215,233,258,254,255,254,174,248,252,254,242,247,254,251,256,252,238,243,257,1
54,143,135,154,146,147,50,84,60,88,74,96,112,107,106,59,118,83,96,131,131,63,102,82,97,100,0
55,252,245,244,254,255,255,214,234,253,255,251,256,170,256,254,256,243,240,250,252,256,253,242,240,254,1
56,143,136,156,148,145,51,86,62,88,73,97,112,107,108,60,120,84,96,132,129,61,102,83,96,99,0
57,254,218,237,256,254,251,253,171,254,255,255,242,244,246,252,254,246,241,240,248,252,241,241,253,254,1
58,144,152,150,145,140,139,132,138,145,143,155,152,151,147,143,169,158,160,146,134,134,137,139,130,123,0
59,253,213,234,254,247,257,258,175,254,251,252,245,248,248,250,253,249,241,239,252,254,243,242,250,250,1
60,144,154,154,146,139,139,135,137,144,142,155,151,152,147,146,168,158,162,147,136,137,137,140,132,123,0
61,255,213,237,251,255,258,249,172,255,255,252,251,242,251,254,252,253,235,240,257,258,245,240,248,256,1
62,145,153,151,147,137,138,134,135,146,143,155,149,150,148,145,168,157,162,146,133,137,135,139,129,121,0
63,256,213,231,256,258,256,253,167,254,253,252,244,247,251,252,256,250,241,239,257,257,243,239,246,253,1
64,143,152,154,146,137,139,132,135,145,145,155,152,152,151,144,167,157,163,147,137,139,137,139,130,122,0
65,257,253,173,249,254,253,236,244,252,255,252,254,240,240,254,250,242,242,248,250,253,216,221,257,254,1
66,145,142,138,135,130,144,138,146,139,137,136,133,140,152,127,128,133,125,121,111,122,124,128,124,120,0
67,253,252,170,254,253,257,240,245,252,255,252,254,238,237,252,254,243,238,247,255,257,216,220,255,255,1
68,145,143,140,134,132,145,138,144,142,138,136,132,141,153,127,127,132,122,121,115,125,122,130,125,120,0
69,252,257,170,251,256,254,248,240,254,253,258,254,244,236,255,248,244,238,248,258,254,219,223,254,254,1
70,142,143,139,133,131,141,138,147,139,140,133,132,137,152,128,130,133,123,123,117,126,122,129,123,121,0
71,255,253,171,256,257,256,241,246,253,249,249,253,238,240,250,251,243,236,249,251,255,217,222,252,254,1
72,145,142,140,135,130,144,139,145,141,137,134,134,138,151,130,132,133,122,121,112,123,119,130,122,121,0
73,254,245,246,258,255,254,252,237,239,251,256,239,233,247,249,251,212,222,255,250,254,252,244,247,255,1
74,144,142,135,121,127,135,115,119,135,159,145,141,127,115,131,132,135,103,106,122,131,128,109,117,124,0
75,257,242,240,251,257,252,256,238,236,251,253,243,241,248,254,251,217,222,258,253,256,254,242,242,255,1
76,142,140,135,121,125,137,118,118,135,158,145,140,122,117,131,132,134,107,109,125,128,127,109,119,124,0
77,254,243,245,249,254,259,260,236,236,251,254,244,238,247,252,257,214,225,254,252,251,258,239,245,260,1
78,142,139,138,118,126,136,115,119,136,159,148,142,128,114,133,132,133,106,107,126,129,128,109,120,126,0
79,253,243,243,252,256,253,255,240,238,253,260,244,240,244,254,256,218,221,254,253,254,256,239,243,256,1
80,143,139,138,119,127,138,118,119,135,157,147,140,125,116,133,135,133,105,110,125,130,127,109,120,125,0
81,249,257,240,238,253,257,246,238,251,253,257,223,224,253,253,253,252,244,240,255,253,229,244,249,256,1
82,141,138,146,139,138,134,133,138,152,129,128,132,125,124,116,125,122,128,123,121,128,138,144,143,149,0
83,254,253,235,239,254,256,242,241,249,257,255,214,224,250,253,256,253,240,245,256,253,228,247,250,255,1
84,143,137,145,139,140,137,135,138,153,129,129,130,124,125,114,124,121,131,124,119,130,138,145,144,149,0
85,256,251,241,235,254,253,244,239,245,252,251,210,216,252,254,253,255,242,242,257,253,227,245,247,256,1
86,143,138,143,138,138,133,131,140,152,128,130,129,121,123,115,124,123,128,122,120,129,141,144,144,149,0
87,253,252,239,240,255,252,244,239,249,252,255,217,220,250,254,258,255,241,238,253,254,230,240,245,255,1
88,143,138,145,141,136,136,133,138,152,127,130,130,124,120,115,125,121,127,124,120,129,137,144,145,150,0
89,254,239,239,250,251,256,212,227,253,254,251,252,245,241,256,254,225,247,243,255,254,199,222,217,254,1
90,141,149,147,143,132,133,129,140,127,121,145,142,142,135,131,143,140,148,138,139,135,133,140,154,126,0
91,254,242,242,248,251,256,218,224,254,259,251,255,244,240,253,256,231,242,245,254,255,201,219,222,253,1
92,141,151,147,144,130,131,127,135,126,120,145,140,140,134,130,141,138,148,141,140,134,132,139,148,130,0
93,251,241,240,249,255,256,216,220,259,255,255,254,241,243,255,256,230,248,246,254,254,200,220,226,247,1
94,140,150,146,145,131,132,132,138,127,124,144,141,142,134,129,140,140,147,140,138,135,134,137,153,130,0
95,252,246,236,248,255,256,216,223,251,259,254,254,242,239,256,254,228,249,247,256,253,206,219,224,259,1
96,141,151,149,145,134,133,130,139,124,123,142,141,140,133,133,141,137,146,140,140,135,133,136,151,128,0
97,254,251,214,253,253,256,252,223,242,255,248,232,222,244,244,257,234,215,248,248,249,232,220,253,253,1
98,139,139,133,135,133,122,129,112,115,113,136,133,128,138,132,140,144,135,141,138,124,119,111,117,120,0
99,256,254,217,248,252,256,251,225,237,250,246,233,223,244,242,254,236,222,251,246,249,229,230,252,248,1
100,142,139,128,134,133,124,128,111,118,111,135,130,128,135,132,137,143,134,140,140,124,116,113,121,120,0
101,252,259,218,252,251,252,253,223,242,250,246,229,220,244,247,254,234,220,245,245,246,233,226,249,246,1
102,141,142,130,136,134,121,129,115,114,110,137,132,130,139,133,138,145,136,141,138,121,117,110,120,122,0
103,255,256,217,254,247,255,255,226,242,252,249,232,228,242,246,250,235,219,247,247,247,229,224,251,248,1
104,140,141,130,134,133,120,130,111,113,109,135,131,128,138,133,140,144,138,141,138,122,117,115,118,120,0
105,254,234,243,242,255,259,238,237,237,254,246,243,233,241,254,254,243,201,246,255,256,235,200,236,240,1
106,139,131,129,145,138,124,132,131,138,138,143,141,151,134,133,122,116,124,124,125,137,140,134,126,126,0
107,256,237,242,244,253,258,237,237,241,256,249,246,238,236,257,249,244,203,244,251,251,235,204,233,239,1
108,140,130,130,145,139,125,134,130,137,138,147,142,149,139,136,117,113,123,126,123,138,137,134,123,124,0
109,257,234,243,239,250,257,241,238,236,251,250,247,233,244,254,253,237,201,245,252,255,243,202,234,243,1
110,139,132,129,146,138,125,131,132,138,137,144,141,152,139,134,118,116,124,126,126,140,138,132,124,125,0
111,251,229,250,241,254,254,237,237,237,256,244,239,232,236,253,254,238,199,246,252,254,235,205,234,241,1
112,142,131,130,148,142,124,133,130,138,135,145,143,149,137,133,117,116,125,125,128,139,137,133,123,126,0
113,253,241,237,234,254,245,247,231,237,253,257,243,202,248,249,252,238,202,235,237,251,222,212,252,252,1
114,138,146,128,140,136,87,95,81,86,106,98,111,85,94,69,84,105,102,119,105,143,135,154,148,146,0
115,256,241,240,238,252,247,242,234,241,251,257,237,203,246,251,252,238,205,235,241,250,223,214,254,253,1
116,140,148,128,138,133,87,96,83,90,108,98,112,86,92,66,86,107,98,121,105,144,136,157,148,147,0
117,252,241,238,239,251,247,239,234,236,255,256,240,202,244,252,253,242,207,232,243,241,224,214,252,255,1
118,140,147,129,139,131,90,97,80,86,107,97,112,86,94,69,85,106,101,118,105,143,137,153,148,147,0
119,252,241,233,236,250,248,241,234,237,254,254,245,202,246,252,257,241,202,229,240,246,221,214,254,252,1
120,141,149,127,138,130,88,95,84,88,107,99,112,85,94,67,85,103,102,122,105,145,135,154,147,148,0
121,253,252,238,252,253,254,231,221,228,255,255,255,212,210,253,254,239,225,248,253,256,236,186,217,251,1
122,141,133,136,144,144,156,152,150,148,143,166,157,161,146,135,138,136,141,133,122,144,152,148,144,132,0
123,253,253,237,255,254,252,232,218,234,253,252,257,219,211,252,252,243,226,247,254,252,233,182,217,254,1
124,141,132,134,146,143,157,154,151,149,145,166,156,164,145,132,137,138,138,131,124,143,148,145,141,133,0
125,256,254,236,260,253,255,229,219,232,251,250,258,215,208,255,255,242,224,244,252,257,233,183,218,255,1
126,141,133,135,144,144,154,151,150,148,144,166,158,160,148,134,138,139,139,129,125,143,150,147,144,130,0
127,257,255,234,254,254,255,227,220,235,253,252,254,215,205,256,253,242,229,246,258,255,234,182,222,256,1
128,140,135,138,145,141,153,152,151,147,143,167,157,162,147,138,137,137,141,131,124,142,152,148,143,132,0
129,252,230,223,231,253,255,255,215,206,252,253,246,225,248,252,253,232,183,216,252,256,182,192,217,256,1
130,138,141,149,141,141,141,131,128,149,141,123,130,130,135,138,148,139,150,137,135,117,116,121,124,125,0
131,252,233,218,232,253,253,251,212,208,254,255,246,225,246,250,254,231,189,213,254,259,183,191,218,256,1
132,141,142,149,141,142,143,129,131,146,142,125,135,130,138,136,143,142,150,139,133,119,116,125,126,126,0
133,253,228,218,228,251,255,257,212,209,258,255,244,228,246,257,256,232,185,215,260,256,183,187,214,252,1
134,141,144,150,142,140,139,127,131,148,140,125,132,132,139,135,143,139,151,139,131,121,116,123,126,127,0
135,253,233,219,232,254,252,248,217,213,252,251,248,228,246,254,253,236,191,219,251,249,181,196,220,252,1
136,141,144,150,142,142,142,130,129,150,142,126,130,129,138,137,143,139,148,138,134,119,114,125,126,122,0
137,255,249,227,243,254,253,231,230,229,252,256,234,246,250,254,254,244,212,239,250,246,229,236,234,247,1
138,140,138,135,124,126,142,139,133,135,134,124,125,114,113,108,137,132,128,139,133,140,143,136,141,137,0
139,254,246,231,237,254,249,225,236,233,256,252,231,240,256,249,251,248,211,237,250,244,235,241,236,248,1
140,138,137,134,124,125,142,139,130,137,132,121,129,113,116,109,137,132,128,138,133,139,143,135,138,138,0
141,256,245,224,237,253,254,231,231,237,257,257,235,245,253,254,251,249,215,236,254,252,232,240,238,246,1
142,138,136,134,126,125,142,140,130,135,133,122,126,113,117,113,137,133,129,137,134,140,144,137,140,140,0
143,254,245,227,244,253,252,229,230,233,254,252,233,235,246,254,251,253,209,234,255,252,228,235,237,249,1
144,138,136,133,125,127,144,139,131,137,133,120,129,111,115,110,134,133,129,138,135,138,144,134,140,138,0
145,257,192,182,181,247,238,219,216,254,254,256,165,133,236,242,241,140,147,154,240,228,187,189,233,236,1
146,138,144,136,142,138,121,117,112,119,120,128,130,119,130,140,138,134,138,131,132,128,121,123,122,130,0
147,257,186,181,177,247,235,216,218,252,250,254,165,136,233,241,242,140,154,157,241,236,190,190,234,236,1
148,139,143,137,140,139,121,118,114,119,121,128,125,120,126,139,138,133,137,131,134,123,120,124,124,129,0
149,254,190,177,181,251,239,217,217,252,253,254,163,135,232,241,241,144,148,157,243,233,191,189,236,238,1
150,139,143,136,141,137,122,117,115,121,120,129,129,121,129,142,140,134,140,129,132,126,118,124,123,130,0
151,256,193,182,179,245,236,219,217,251,252,258,163,133,236,240,236,144,147,156,243,230,186,183,235,237,1
152,138,144,136,139,138,122,114,112,118,121,128,131,120,127,142,139,132,136,129,131,124,119,126,124,129,0
153,253,163,135,238,244,239,146,149,156,240,233,190,187,238,240,238,126,126,193,227,216,174,169,224,228,1
154,139,132,139,132,132,128,121,124,126,131,88,104,110,112,113,107,102,96,100,103,118,104,102,80,82,0
155,256,164,132,236,239,237,140,146,154,244,231,189,184,236,237,236,131,129,195,231,216,173,167,228,231,1
156,138,133,138,132,132,127,120,125,126,130,86,105,109,111,112,110,102,94,99,104,118,102,100,78,83,0
157,253,161,135,232,238,238,142,149,153,238,231,185,182,236,239,237,131,126,197,225,216,171,168,224,229,1
158,138,134,140,131,132,127,120,124,124,128,87,105,108,111,113,109,100,94,101,105,116,104,102,78,84,0
159,255,165,132,234,245,239,142,150,157,240,229,186,185,237,235,238,126,124,194,227,219,173,168,224,232,1
160,139,133,138,133,133,128,121,121,124,129,87,106,108,115,112,111,101,96,99,104,117,103,102,79,84,0
161,256,254,254,253,253,252,231,255,253,253,254,235,256,249,252,248,245,251,252,254,254,237,252,250,256,1
162,140,136,139,131,122,142,152,148,142,132,129,132,137,126,122,142,140,140,136,130,144,138,147,137,138,0
163,250,245,251,252,249,252,236,252,252,254,255,239,256,245,254,256,243,252,254,255,257,239,252,251,253,1
164,138,137,137,130,122,142,148,148,144,133,134,129,138,126,122,144,143,141,133,130,143,141,146,140,140,0
165,258,254,254,254,254,246,238,254,247,252,252,234,252,247,251,254,241,251,254,255,254,233,244,253,254,1
166,138,138,138,130,122,143,151,148,144,132,133,129,139,127,125,144,141,140,134,132,142,136,145,137,140,0
167,257,251,249,252,253,252,238,256,256,251,251,239,246,254,249,257,243,253,256,251,257,241,247,251,253,1
168,136,134,137,127,122,142,151,150,144,132,132,129,138,125,122,144,143,141,136,130,141,138,148,138,139,0
169,257,237,250,250,255,252,243,252,253,256,255,235,250,252,250,257,247,253,252,258,254,254,247,251,248,1
170,135,118,122,135,161,148,139,125,118,129,134,136,104,106,122,130,128,106,120,122,121,99,97,111,114,0
171,253,230,252,251,253,255,237,250,249,256,257,236,248,252,258,253,250,251,252,254,254,255,252,253,251,1
172,136,118,119,132,161,146,140,127,115,131,134,132,108,108,124,128,128,110,119,124,122,96,97,111,113,0
173,254,236,248,251,256,255,243,251,256,252,252,236,248,256,252,254,248,250,251,254,258,258,246,251,252,1
174,134,118,119,135,160,147,141,126,114,131,133,134,107,108,125,130,127,105,119,124,122,97,97,114,111,0
175,252,235,249,249,249,254,242,255,255,256,253,233,247,254,249,256,249,251,252,257,248,252,250,250,255,1
176,138,116,119,134,159,148,141,126,115,130,132,132,107,107,122,129,128,107,119,125,122,97,95,113,113,0
177,253,239,256,255,256,255,235,252,254,253,252,249,252,254,253,255,256,253,250,253,254,249,251,251,253,1
178,135,133,127,140,133,138,147,136,139,137,121,115,114,122,121,128,128,121,130,139,136,134,135,132,132,0
179,254,242,256,252,255,246,236,252,255,259,253,246,260,254,249,252,255,253,253,256,255,250,249,252,256,1
180,138,134,129,138,133,139,145,137,140,137,121,117,111,122,119,130,129,119,127,141,138,133,138,133,132,0
181,256,240,252,252,253,253,233,245,253,249,254,250,256,255,248,253,252,251,253,254,254,249,254,247,257,1
182,134,132,125,140,133,137,143,137,139,138,121,118,113,119,122,128,126,120,128,139,137,132,137,130,131,0
183,255,237,252,253,256,247,239,250,253,249,253,250,251,254,252,254,253,250,252,256,255,248,253,250,254,1
184,136,133,129,137,135,137,145,135,137,138,124,117,112,121,121,129,127,119,129,138,139,133,137,131,133,0
185,249,231,252,253,254,251,244,249,249,252,251,254,255,250,255,251,246,248,248,256,250,242,244,249,259,1
186,136,135,139,148,129,132,132,123,124,116,125,120,128,123,121,129,138,143,145,149,138,143,151,144,140,0
187,256,235,252,251,254,253,253,251,251,253,253,257,254,256,261,254,249,251,250,253,248,241,245,249,253,1
188,136,134,137,152,129,128,131,124,122,114,121,125,130,121,117,127,136,146,143,148,140,141,146,142,140,0
189,251,235,248,252,253,254,255,252,251,254,255,254,250,247,252,256,247,252,249,257,255,240,246,253,249,1
190,136,132,139,152,129,130,134,121,123,115,124,122,129,122,119,128,141,142,144,148,140,142,148,144,141,0
191,252,234,247,254,254,251,250,255,254,254,255,256,249,252,254,250,250,249,248,252,252,248,252,252,258,1
192,137,136,137,150,128,129,131,123,121,115,124,123,129,121,120,129,137,145,146,148,140,143,150,143,140,0
193,256,251,253,254,252,254,253,253,249,256,257,247,252,253,257,254,245,246,246,251,253,237,256,254,257,1
194,134,130,138,126,123,145,143,140,135,129,142,139,147,140,137,134,135,139,152,126,129,132,122,122,112,0
195,257,250,256,255,251,254,259,252,253,255,258,248,251,248,257,250,246,247,250,252,253,241,255,250,253,1
196,133,129,137,124,122,144,141,139,134,130,141,137,145,140,138,134,134,140,151,129,129,132,122,123,114,0
197,251,248,251,252,253,256,255,251,256,251,256,250,246,248,252,252,244,247,249,254,253,240,253,252,255,1
198,133,131,138,127,123,145,144,139,135,129,143,139,147,141,139,134,133,139,152,127,130,132,121,121,114,0
199,254,250,250,256,254,253,257,257,251,254,255,249,247,252,250,250,242,249,252,254,252,245,256,252,254,1
200,133,129,137,125,121,145,144,140,135,129,142,139,146,138,139,136,134,139,149,129,127,133,126,123,116,0
201,251,252,250,250,251,258,244,253,248,252,254,249,251,246,252,253,243,252,253,253,252,251,248,249,256,1
202,133,140,140,146,141,144,141,146,144,126,146,149,151,151,140,138,135,136,146,140,154,151,152,147,142,0
203,254,255,253,251,258,251,250,251,248,256,251,241,254,246,253,253,241,253,249,255,254,248,252,253,248,1
204,134,137,136,146,142,148,142,145,140,127,145,149,152,146,139,138,133,140,143,144,157,151,152,150,144,0
205,260,260,254,252,254,258,247,251,253,254,251,245,249,248,255,251,244,252,251,255,256,250,247,255,251,1
206,131,138,139,150,140,148,144,145,140,126,145,150,154,146,137,141,134,138,146,144,155,150,150,148,143,0
207,254,252,252,253,254,249,245,246,250,252,251,246,244,250,253,252,241,253,255,254,252,246,248,257,252,1
208,132,139,138,146,142,144,144,145,144,127,143,152,152,148,139,140,134,137,149,142,154,152,153,149,145,0
209,254,249,247,255,250,249,244,245,251,256,254,238,254,250,254,254,251,252,255,253,253,232,246,257,250,1
210,129,100,106,116,117,113,97,104,114,117,119,110,103,108,120,120,107,101,113,120,118,107,108,113,128,0
211,250,248,251,253,258,255,243,248,249,256,257,237,254,256,254,251,250,250,252,253,253,236,250,252,253,1
212,127,99,104,118,118,114,95,105,116,118,117,109,102,110,121,119,109,100,113,120,117,107,108,113,128,0
213,256,250,246,256,252,255,246,250,248,254,253,245,249,253,253,253,247,249,254,253,252,236,249,256,253,1
214,131,100,103,117,118,116,96,104,118,117,118,111,102,110,123,119,109,100,113,121,117,107,108,113,131,0
215,255,245,249,247,254,251,242,249,247,253,252,238,254,251,253,251,251,246,254,250,256,230,252,254,258,1
216,127,101,106,117,118,114,95,106,118,119,117,109,100,110,121,121,109,101,114,120,120,105,108,113,130,0
217,254,234,247,257,249,255,242,243,251,255,254,232,248,255,254,255,247,250,254,252,252,228,248,255,253,1
218,128,114,127,121,111,109,117,108,114,143,141,126,137,135,135,151,143,135,115,113,126,124,117,104,102,0
219,255,238,251,253,252,259,241,243,249,255,253,232,245,254,256,251,248,249,252,253,252,226,248,255,249,1
220,132,116,125,118,110,108,116,112,115,140,142,125,137,137,137,152,144,136,116,116,124,122,114,104,103,0
221,256,237,247,257,254,256,236,242,251,257,256,231,249,255,260,248,247,244,254,256,252,230,248,252,250,1
222,128,116,125,118,110,108,114,107,117,143,141,126,136,135,139,149,147,134,115,115,127,122,115,104,102,0
223,252,235,253,259,260,253,237,243,251,254,250,237,246,248,255,255,250,251,251,256,255,235,254,251,249,1
224,127,115,126,120,109,108,118,108,116,139,140,126,139,135,134,148,145,137,115,115,123,122,114,102,105,0
225,257,238,242,247,253,253,236,248,249,255,256,249,250,252,254,257,232,253,253,252,251,231,248,250,252,1
226,129,132,125,122,115,122,122,128,123,120,131,136,144,143,150,141,142,148,145,140,141,131,132,143,141,0
227,257,240,242,249,255,258,237,248,251,255,254,246,246,253,252,252,232,251,250,256,246,225,250,253,248,1
228,130,131,125,122,114,124,122,128,122,118,131,138,145,145,149,140,142,147,142,140,143,130,132,147,137,0
229,254,240,246,251,252,256,235,245,249,249,253,249,250,251,256,253,229,247,258,250,249,224,252,248,253,1
230,130,131,123,122,112,126,122,129,123,118,131,138,142,143,150,137,142,149,144,142,142,129,131,146,140,0
231,257,243,244,247,252,253,232,250,249,258,249,249,249,247,256,253,228,251,251,251,250,228,256,249,260,1
232,130,131,123,122,115,123,124,129,122,120,130,138,145,144,152,140,141,151,142,139,140,132,132,146,142,0
233,257,237,250,247,254,251,248,250,250,254,254,232,249,255,250,251,227,251,250,259,250,225,246,247,252,1
234,129,139,144,143,149,140,140,147,146,141,141,128,129,148,137,125,134,132,140,135,148,140,151,137,134,0
235,251,235,253,256,253,254,254,249,255,254,254,232,248,254,251,253,226,249,248,251,253,228,243,252,257,1
236,129,139,143,144,148,141,143,149,146,140,141,131,129,146,140,126,133,132,139,138,146,142,149,139,131,0
237,249,234,252,256,252,248,251,251,256,254,252,230,248,250,252,251,223,249,248,253,254,226,247,254,247,1
238,131,139,144,143,150,142,141,150,145,139,145,130,132,145,140,125,130,131,140,138,146,139,150,138,130,0
239,260,234,250,245,258,250,253,245,253,254,256,232,252,256,253,255,227,250,247,252,254,227,246,251,251,1
240,132,139,145,143,150,140,142,151,140,141,138,128,129,148,141,123,134,130,138,138,146,141,151,137,135,0
241,253,231,247,258,250,256,225,247,246,253,256,227,242,252,256,247,230,252,252,251,250,229,247,247,256,1
242,131,129,121,127,141,138,132,136,133,132,127,121,124,125,129,91,105,108,114,111,111,104,96,99,107,0
243,253,231,248,253,255,251,226,251,253,249,259,228,244,249,249,250,228,255,253,254,250,230,252,245,252,1
244,131,128,115,127,141,139,134,138,132,133,126,120,124,124,130,88,105,107,115,111,110,101,97,100,105,0
245,254,230,253,250,251,249,228,247,252,253,255,228,245,249,249,252,233,250,255,250,253,232,244,247,257,1
246,127,127,118,129,142,138,134,139,130,132,126,120,124,126,131,88,107,108,112,112,110,102,95,101,104,0
247,253,231,247,259,251,252,225,251,248,252,251,228,241,252,257,254,232,251,252,251,250,226,246,248,253,1
248,129,127,119,127,139,137,131,138,131,133,125,120,123,123,130,90,107,107,113,112,111,100,96,100,104,0
249,250,225,247,257,253,247,231,250,256,254,248,229,248,248,257,246,230,241,255,254,246,247,249,249,250,1
250,126,125,106,97,120,125,110,97,110,110,113,95,96,114,111,119,95,92,119,112,107,97,101,114,119,0
251,251,226,242,249,247,251,231,257,252,253,246,232,247,245,253,245,230,234,252,253,245,243,249,252,248,1
252,126,125,104,96,118,126,109,95,111,110,114,95,96,112,112,120,97,91,117,110,108,99,102,116,119,0
253,256,227,241,254,248,251,235,248,251,251,252,232,244,244,257,247,228,238,251,253,250,244,245,245,249,1
254,126,124,105,96,119,124,108,96,112,111,114,94,97,113,113,118,96,95,118,112,109,99,101,115,118,0
255,255,223,245,254,248,253,231,254,249,254,250,231,247,242,253,248,223,240,255,254,251,250,248,248,254,1
256,127,125,106,95,118,125,109,95,112,111,113,93,97,113,111,118,96,92,118,110,106,97,102,115,117,0
257,257,229,241,255,256,254,227,234,251,256,248,228,233,248,249,256,226,240,236,250,254,240,233,251,250,1
258,127,110,109,104,120,151,123,111,120,124,127,113,125,138,137,121,116,105,107,120,126,104,106,104,130,0
259,250,231,245,253,249,257,223,235,251,253,249,229,231,246,249,256,225,234,240,250,255,239,238,249,249,1
260,126,109,110,104,121,151,121,111,118,124,125,116,125,139,135,119,115,106,106,120,127,107,105,105,128,0
261,254,231,246,251,255,254,226,234,252,251,252,231,235,249,250,251,223,235,240,253,253,236,238,249,254,1
262,126,108,111,101,121,152,120,113,117,121,127,114,125,141,135,118,116,105,107,117,124,104,105,105,129,0
263,254,228,245,249,255,257,220,236,250,257,252,233,231,248,246,256,225,237,243,252,253,236,235,250,253,1
264,126,109,110,105,121,150,120,109,116,126,127,113,125,138,134,118,116,107,106,119,124,104,105,106,129,0
265,255,225,232,248,254,250,230,235,241,250,254,225,233,244,251,256,241,239,248,252,258,241,234,257,249,1
266,127,114,127,138,135,120,117,104,107,122,128,106,103,103,128,129,118,126,119,112,107,116,111,115,141,0
267,250,226,235,247,251,251,232,228,242,250,257,228,236,237,257,255,238,238,246,257,252,247,234,259,254,1
268,126,114,124,141,136,120,117,105,106,118,126,105,104,104,128,128,116,126,120,111,106,115,110,117,140,0
269,256,228,230,251,252,248,230,232,246,247,253,227,234,246,251,255,240,235,250,254,251,239,240,258,254,1
270,126,114,126,139,137,120,117,104,106,120,125,106,107,104,129,129,117,125,120,111,106,115,108,117,139,0
271,253,226,236,248,253,247,230,234,249,250,249,226,240,238,255,251,243,231,247,248,258,240,237,249,254,1
272,126,114,123,139,136,119,115,106,105,119,124,106,104,105,127,127,114,125,117,109,108,115,109,117,142,0
273,258,224,236,238,256,253,241,238,250,251,252,243,238,249,259,251,224,234,239,255,254,249,229,241,253,1
274,126,104,104,105,128,127,116,127,119,112,108,115,111,117,141,141,125,136,134,135,150,144,137,114,113,0
275,257,220,238,237,251,255,241,239,247,249,254,246,238,257,255,251,227,235,242,255,257,248,229,239,254,1
276,127,104,104,105,127,130,118,124,120,110,108,116,110,115,141,141,127,138,136,137,147,145,132,116,116,0
277,255,226,236,237,258,252,240,237,246,251,260,244,235,254,251,250,224,234,239,253,254,247,229,245,249,1
278,125,102,104,105,128,129,113,127,119,110,110,116,109,115,141,141,126,136,136,135,150,143,136,114,111,0
279,253,225,235,241,255,249,240,237,248,256,255,243,234,258,253,256,226,239,239,252,254,247,230,242,253,1
280,127,104,104,104,129,131,113,126,116,109,108,116,112,116,143,142,127,138,134,136,150,145,136,114,116,0
281,254,241,235,247,256,253,246,238,252,255,253,232,239,242,250,254,250,228,243,250,247,234,216,226,248,1
282,126,118,125,123,130,88,106,108,113,113,110,102,96,101,105,117,106,100,79,84,99,93,86,98,103,0
283,256,238,238,249,251,252,237,235,252,253,253,226,228,242,250,249,248,228,240,250,252,232,209,231,253,1
284,126,120,125,124,128,88,106,110,114,112,111,100,93,102,104,119,104,100,78,84,96,92,87,95,102,0
285,252,241,238,250,252,254,242,240,249,255,251,230,239,239,250,250,250,226,244,249,250,230,213,228,250,1
286,126,119,125,123,129,85,108,108,112,114,110,102,96,101,102,117,103,102,80,82,98,94,88,96,102,0
287,255,240,237,247,251,257,244,237,255,253,256,228,237,240,252,254,247,227,242,246,252,228,214,226,247,1
288,126,120,123,123,130,90,107,108,110,112,109,100,95,100,107,116,103,103,80,81,96,94,86,96,103,0
289,255,231,240,252,252,254,247,212,236,255,253,231,238,236,248,254,225,221,240,250,255,222,228,255,254,1
290,126,111,97,110,113,113,95,96,115,113,119,97,95,120,111,107,99,102,116,118,113,108,114,123,122,0
291,251,236,239,251,249,254,248,212,238,249,253,230,234,239,243,257,224,224,242,252,253,229,229,255,255,1
292,125,109,95,112,110,113,94,96,112,110,121,96,93,118,111,109,98,102,115,118,114,107,114,123,120,0
293,252,234,244,247,258,250,252,208,235,252,252,233,238,240,243,256,223,226,240,254,258,231,225,257,254,1
294,125,110,94,110,111,112,95,99,111,114,117,97,92,118,110,106,99,104,116,119,114,105,114,122,122,0
295,255,236,242,253,257,254,248,211,237,249,253,233,236,235,243,253,224,226,238,250,256,226,225,255,253,1
296,127,108,95,110,111,113,95,98,115,111,119,96,95,119,112,109,98,100,115,119,113,108,114,122,120,0
297,254,239,234,241,251,251,225,241,245,257,251,243,244,241,251,253,223,229,252,246,253,247,222,245,250,1
298,124,133,131,138,136,145,141,152,139,132,121,112,124,127,127,141,138,134,124,127,143,139,131,136,135,0
299,254,240,229,247,248,246,224,243,249,247,251,240,247,240,251,254,225,237,248,245,253,245,220,245,254,1
300,124,131,129,138,138,145,140,148,137,135,119,115,125,125,126,141,139,136,125,128,142,139,134,134,133,0
301,252,241,230,242,251,250,227,239,245,254,254,241,243,236,252,248,218,233,251,244,254,247,222,247,249,1
302,124,132,130,140,135,143,140,150,137,132,121,116,125,122,127,139,137,132,124,125,140,140,132,137,132,0
303,257,244,233,244,256,246,228,240,241,255,255,246,243,239,254,250,220,236,252,247,251,244,221,247,250,1
304,126,133,129,136,136,143,139,149,140,135,121,116,124,124,126,140,140,135,124,128,143,139,131,134,135,0
305,254,247,225,246,252,246,228,241,247,247,249,229,243,249,249,255,230,246,251,258,253,224,239,249,256,1
306,125,119,128,122,118,130,139,144,145,150,141,143,151,142,141,142,130,132,145,139,125,132,127,139,135,0
307,251,248,219,247,251,250,229,240,246,248,246,227,248,252,249,255,233,245,256,252,254,225,239,251,252,1
308,120,126,130,124,117,128,138,145,144,147,139,140,148,143,141,141,132,131,145,140,126,132,128,137,136,0
309,255,246,222,244,255,253,231,242,242,244,248,227,242,251,249,258,230,242,250,250,254,230,231,250,255,1
310,125,123,129,123,121,130,136,145,145,151,143,141,149,144,140,140,131,131,147,139,125,133,131,138,135,0
311,250,249,219,247,250,248,227,241,239,250,247,229,242,248,246,252,230,242,251,258,250,227,231,247,255,1
312,122,121,128,121,119,127,137,144,144,148,142,142,149,145,141,141,131,132,144,139,127,133,134,138,136,0
313,251,237,213,245,246,248,212,241,247,245,248,226,216,250,250,237,210,245,251,250,251,216,232,251,249,1
314,121,120,106,123,124,131,128,116,126,127,120,107,100,122,122,109,106,102,109,109,108,102,97,111,112,0
315,251,234,217,245,244,248,209,241,247,248,250,227,220,254,251,240,211,244,250,249,247,217,236,249,254,1
316,124,121,107,122,124,129,128,120,123,125,117,106,98,122,124,109,104,101,108,108,108,103,100,111,113,0
317,251,236,215,244,248,249,216,239,251,248,247,225,223,249,247,240,210,247,251,248,247,218,233,251,255,1
318,123,119,105,121,121,131,129,119,123,128,116,109,99,121,123,109,104,101,109,108,109,101,99,112,113,0
319,252,234,214,245,243,249,210,239,249,245,251,226,222,247,250,242,211,244,253,245,250,222,236,250,250,1
320,122,119,109,122,122,130,130,118,124,125,120,107,99,121,120,109,104,102,107,107,108,101,98,111,111,0
321,252,226,236,248,247,248,211,238,243,238,242,218,247,251,250,252,214,240,256,253,251,240,214,245,249,1
322,124,106,95,100,98,117,110,109,96,95,98,83,72,88,79,91,79,86,89,103,105,95,91,98,87,0
323,255,222,237,248,253,251,211,233,240,237,240,217,239,249,252,252,213,235,251,253,251,239,216,249,250,1
324,122,107,95,100,96,117,110,108,97,92,99,84,72,88,78,92,80,84,87,104,102,95,91,95,87,0
325,255,226,238,250,250,246,215,236,243,243,245,216,246,246,244,250,215,239,255,256,253,244,214,246,254,1
326,124,107,96,100,95,116,110,108,98,92,97,87,72,87,80,92,80,85,89,104,104,95,89,95,88,0
327,250,222,239,247,248,251,213,232,246,241,238,213,243,251,249,255,217,244,259,254,249,245,214,245,251,1
328,124,106,95,99,96,115,108,108,98,93,100,85,70,89,80,92,80,85,89,103,101,97,93,96,88,0
329,254,218,238,252,253,253,241,221,247,250,247,237,218,249,251,251,227,231,248,257,245,255,217,254,256,1
330,121,114,112,124,121,107,109,105,95,113,104,93,117,108,106,112,110,99,90,87,121,106,97,101,94,0
331,253,213,240,254,251,250,247,216,247,248,249,241,220,253,251,253,226,232,245,253,256,253,217,255,253,1
332,123,113,111,123,119,107,111,106,97,114,103,93,116,107,106,110,113,101,88,89,122,106,97,100,96,0
333,251,220,241,254,253,251,241,216,251,251,250,235,216,247,256,251,226,231,247,257,254,253,218,249,252,1
334,121,113,111,124,121,109,112,107,97,114,105,92,115,108,106,111,114,98,90,90,124,108,96,100,95,0
335,249,220,245,249,255,247,243,213,249,253,250,237,220,248,254,249,228,227,246,255,259,251,214,248,252,1
336,122,115,113,123,122,109,111,104,97,114,105,93,116,107,107,112,114,102,91,89,123,106,96,101,96,0
337,249,248,234,250,255,253,251,230,239,253,253,232,231,234,250,257,234,244,251,256,256,250,218,244,253,1
338,124,130,111,113,109,137,135,129,140,134,141,143,134,140,138,123,115,113,119,121,129,128,118,128,141,0
339,253,246,234,248,249,254,250,229,242,256,252,231,229,229,257,252,234,244,250,252,253,250,212,237,252,1
340,121,126,111,114,112,135,130,129,137,131,136,144,139,137,138,122,116,113,119,121,130,128,118,127,139,0
341,255,250,228,249,256,256,248,227,239,254,255,234,230,236,257,251,233,241,252,255,256,253,207,242,254,1
342,123,128,111,115,113,137,132,125,140,132,140,145,137,141,138,124,117,110,119,122,130,125,120,127,140,0
343,248,248,229,250,253,252,249,227,240,254,250,230,232,230,255,250,235,241,257,252,248,251,213,241,252,1
344,121,126,112,114,109,137,133,127,137,131,138,144,137,140,137,121,119,116,117,120,128,129,117,128,139,0
345,250,229,228,233,256,254,234,242,252,255,254,246,213,235,251,249,233,238,238,241,253,224,225,240,254,1
346,122,115,114,120,120,128,125,121,129,139,137,132,138,131,133,128,120,124,123,128,88,105,110,114,112,0
347,248,232,229,238,257,254,238,244,251,253,254,247,211,238,256,249,233,236,237,243,253,220,223,236,255,1
348,120,117,114,119,121,129,128,119,128,140,139,134,139,131,133,125,120,123,124,131,86,108,107,111,112,0
349,255,227,235,232,253,253,232,240,251,255,255,247,213,239,250,246,230,236,242,244,253,222,223,241,253,1
350,122,115,114,120,121,129,129,117,128,138,138,131,142,129,132,125,122,122,125,129,89,106,111,110,113,0
351,253,230,227,233,256,254,234,243,251,259,255,247,212,235,251,248,234,236,236,250,256,221,229,240,256,1
352,123,118,113,118,122,128,128,118,131,140,137,134,139,131,133,126,120,124,123,129,87,105,108,114,114,0
353,251,194,191,248,256,242,231,230,246,249,251,233,224,222,247,248,193,225,245,248,249,233,217,207,247,1
354,122,106,100,129,128,132,101,104,116,118,113,96,106,117,119,116,108,102,108,120,117,108,102,115,118,0
355,250,196,188,246,250,251,232,238,243,247,251,233,225,226,247,248,194,225,243,249,255,237,223,209,243,1
356,121,109,100,131,129,128,99,105,118,117,113,96,106,116,117,119,107,102,110,120,118,108,101,114,120,0
357,252,197,187,242,256,249,233,236,245,245,248,232,222,220,246,244,192,223,245,245,257,232,225,215,249,1
358,120,107,99,129,130,131,99,106,118,116,116,95,104,118,116,116,109,100,109,122,119,107,103,114,121,0
359,250,196,188,246,255,251,232,234,250,244,250,236,223,221,247,246,196,225,246,251,252,234,222,212,248,1
360,119,109,101,129,126,127,103,104,120,116,115,95,107,116,116,118,108,101,111,119,119,109,102,114,121,0
361,249,233,251,254,253,252,237,250,250,248,256,239,253,254,255,254,239,250,251,253,250,250,255,248,250,1
362,121,94,94,118,109,107,97,100,116,120,112,109,114,124,120,115,96,110,107,104,120,108,100,129,129,0
363,248,235,255,248,251,251,240,251,249,252,249,244,252,253,258,256,236,253,249,250,251,251,252,252,253,1
364,119,97,93,118,112,107,96,103,115,119,113,105,114,122,120,117,98,112,108,104,122,108,101,128,129,0
365,253,238,254,248,252,256,232,249,251,247,256,240,254,258,251,252,232,248,254,254,253,246,249,251,254,1
366,118,97,92,116,113,106,97,104,116,117,112,107,114,124,120,116,96,109,108,106,122,108,100,129,128,0
367,253,239,249,253,253,254,239,251,249,251,252,246,249,255,252,252,230,248,256,256,253,252,251,258,255,1
368,118,96,92,118,110,108,99,104,115,116,114,105,112,124,121,115,97,111,107,106,121,107,102,128,127,0
369,250,239,258,251,251,256,252,250,253,254,250,238,252,252,257,254,235,243,255,259,256,234,248,249,250,1
370,119,108,102,113,118,117,106,108,114,129,124,119,106,124,123,129,129,118,124,126,119,108,98,121,121,0
371,251,237,253,250,252,254,244,251,255,254,255,234,249,253,256,258,241,242,251,253,255,234,250,251,255,1
372,118,107,101,115,119,117,107,110,112,127,121,118,106,122,123,131,128,118,124,126,118,111,99,122,124,0
373,249,239,254,249,256,252,250,248,254,256,255,234,246,251,250,255,237,241,250,255,255,236,247,252,257,1
374,120,106,101,117,121,119,106,109,113,130,121,119,107,123,125,128,128,116,126,125,118,109,98,122,123,0
375,255,239,255,253,256,253,251,250,255,254,247,233,249,252,257,256,241,244,249,253,254,235,253,249,253,1
376,119,107,100,116,121,119,106,108,111,126,123,119,107,123,123,129,131,118,124,127,118,108,100,123,120,0
377,255,250,254,254,256,253,239,247,251,260,253,236,242,252,253,253,236,254,253,255,255,243,246,255,255,1
378,121,115,104,105,121,126,105,104,104,126,130,115,125,119,108,109,116,112,116,142,140,126,137,135,136,0
379,254,251,247,255,255,250,239,249,253,251,253,236,244,248,252,252,233,247,249,253,254,248,250,255,254,1
380,120,114,103,108,117,125,105,104,106,130,129,114,127,117,111,106,117,109,115,141,140,127,139,135,139,0
381,254,250,245,256,251,253,238,250,253,253,253,237,243,250,254,259,236,250,251,252,251,247,252,252,254,1
382,120,117,106,103,118,128,102,103,107,129,128,115,124,121,110,106,118,110,115,142,140,125,137,135,134,0
383,248,250,250,260,254,255,237,245,259,253,253,237,239,250,254,253,236,252,250,251,250,255,255,253,257,1
384,120,115,103,105,120,127,106,105,105,128,129,116,124,119,112,110,118,110,116,143,141,128,138,136,138,0
385,252,246,251,251,256,255,232,249,254,253,250,225,252,248,251,255,233,250,251,246,251,225,253,251,251,1
386,120,116,126,127,126,140,136,134,126,128,142,140,131,135,134,122,130,114,113,111,133,133,128,136,133,0
387,250,249,252,256,253,254,231,252,252,254,249,223,248,253,255,252,228,245,252,247,253,229,251,256,252,1
388,120,115,123,125,127,139,139,136,124,126,140,141,132,136,133,123,130,110,112,110,138,132,127,138,132,0
389,250,250,250,253,247,255,235,252,253,252,252,228,251,251,257,255,230,245,251,248,251,231,248,252,253,1
390,118,117,123,125,125,139,139,134,124,126,142,140,132,134,134,123,127,112,115,110,136,132,127,140,134,0
391,254,247,252,252,257,251,229,247,255,252,255,231,250,253,253,250,222,246,253,251,252,227,252,252,254,1
392,119,117,124,127,124,138,140,134,121,128,141,140,133,137,135,122,130,110,114,109,136,132,128,137,133,0
393,253,243,242,240,255,252,220,232,250,249,258,246,223,245,252,248,230,238,242,251,248,230,248,253,247,1
394,118,83,96,132,130,61,101,84,95,100,75,107,106,106,82,63,89,91,91,61,69,91,97,103,50,0
395,251,240,248,242,255,251,218,232,253,247,255,243,222,248,252,249,229,245,245,245,249,230,247,248,243,1
396,119,82,95,128,133,62,102,84,96,100,75,106,106,106,81,66,90,90,89,63,69,91,98,102,50,0
397,257,242,242,245,261,251,220,236,251,245,255,248,225,250,254,250,231,242,241,253,252,224,248,247,246,1
398,118,84,95,130,131,60,101,84,97,99,75,106,105,107,81,65,90,90,90,62,70,91,98,103,52,0
399,255,241,246,242,257,246,220,237,248,247,249,246,220,245,257,247,230,240,239,250,247,224,242,247,248,1
400,116,84,94,130,132,61,103,84,95,99,77,106,108,107,81,65,90,90,90,61,72,90,98,102,52,0
401,254,216,239,250,248,250,251,225,223,249,249,235,219,248,245,248,211,246,245,250,247,225,217,248,249,1
402,117,105,108,113,130,124,118,106,123,126,131,128,118,123,127,116,108,99,124,123,112,106,103,108,108,0
403,249,221,240,250,253,254,251,221,221,249,253,236,217,248,243,246,210,243,249,250,248,228,221,251,253,1
404,119,105,108,112,129,123,119,108,121,123,130,127,120,125,126,120,106,100,124,123,110,103,102,108,108,0
405,252,221,242,249,250,252,251,227,218,251,251,235,211,247,244,246,207,244,249,245,246,220,222,250,248,1
406,116,105,108,112,128,123,119,106,123,123,131,127,118,123,126,119,107,100,120,123,111,104,103,108,110,0
407,249,222,239,250,253,251,250,225,223,242,252,230,213,249,248,241,211,245,247,243,252,221,220,245,247,1
408,118,108,107,111,128,122,120,106,122,123,129,129,119,124,126,119,108,101,122,122,111,104,102,107,108,0
409,256,239,222,209,250,253,188,179,180,247,240,219,217,251,253,252,163,135,236,239,235,143,149,157,240,1
410,115,107,100,108,122,118,109,99,116,119,119,106,110,112,129,123,119,108,122,122,131,131,119,124,125,0
411,250,234,222,214,244,252,194,185,182,246,238,215,212,252,250,255,165,136,237,243,238,142,153,156,243,1
412,119,111,104,109,120,122,109,102,113,121,119,105,107,112,129,125,120,108,123,125,130,128,119,124,128,0
413,250,239,221,212,246,249,185,180,182,245,242,215,219,251,252,256,166,132,234,240,238,143,151,157,245,1
414,117,109,104,109,122,121,109,102,116,120,117,107,107,112,129,124,117,107,124,123,131,130,117,123,125,0
415,254,235,221,214,248,253,189,183,179,246,238,219,218,249,255,254,161,138,235,241,240,139,149,157,240,1
416,116,108,102,110,123,118,109,101,115,120,117,107,106,111,128,125,120,107,122,124,127,129,116,124,127,0
417,252,243,248,251,258,251,240,258,252,251,253,249,251,254,256,252,237,249,256,252,250,239,242,254,252,1
418,117,102,101,79,83,97,92,86,93,103,94,95,99,97,104,132,103,91,90,92,89,121,122,125,126,0
419,255,248,246,247,256,250,238,256,251,250,252,251,247,254,256,253,236,251,256,249,253,235,244,248,252,1
420,116,103,98,77,82,96,95,86,93,104,93,94,100,97,108,132,103,91,89,93,87,121,122,125,127,0
421,252,244,251,251,254,255,241,251,248,253,251,254,250,254,258,252,238,248,251,252,253,239,242,246,251,1
422,117,104,101,79,83,95,95,85,94,102,94,94,102,97,106,133,106,93,90,92,88,120,123,126,129,0
423,252,244,245,249,249,251,241,256,249,254,255,249,247,255,255,256,232,250,252,251,254,236,245,246,255,1
424,118,104,102,81,84,97,91,86,94,102,95,92,97,98,106,132,107,91,90,93,90,120,122,125,127,0
425,252,224,249,254,251,255,225,246,252,253,254,231,252,251,252,247,231,247,246,252,249,234,240,256,252,1
426,116,98,109,106,104,121,108,99,129,130,128,102,104,116,117,114,96,106,118,115,116,107,102,109,121,0
427,251,224,254,248,250,254,230,243,250,256,251,225,254,252,253,251,233,250,249,254,250,230,238,254,258,1
428,117,98,111,108,104,121,107,100,129,129,129,101,106,118,116,114,96,106,114,116,118,109,104,111,120,0
429,248,229,248,253,252,255,224,244,251,257,251,232,250,254,249,251,226,246,246,254,250,230,239,248,253,1
430,115,98,110,106,105,121,105,100,129,132,131,99,104,118,118,114,94,105,117,117,116,106,102,108,120,0
431,250,225,247,248,257,253,232,244,250,254,250,225,248,252,253,252,235,248,240,255,248,226,235,250,250,1
432,119,98,111,109,104,119,108,101,129,131,129,101,106,117,118,114,94,103,117,118,117,108,102,110,120,0
433,251,232,249,254,253,255,228,249,243,253,250,230,238,255,257,251,244,249,249,251,251,247,249,241,255,1
434,117,115,93,90,87,89,96,83,78,82,92,87,77,76,85,89,85,88,93,90,87,75,79,97,107,0
435,253,226,249,255,256,251,234,246,244,256,248,228,238,258,254,249,244,252,247,259,248,247,251,248,256,1
436,116,114,95,90,88,88,94,82,77,81,93,87,77,76,83,89,86,88,93,92,86,74,78,98,106,0
437,251,227,253,248,254,254,232,247,248,255,255,232,237,250,253,247,244,249,248,254,246,244,259,244,254,1
438,116,114,94,91,87,88,96,84,79,80,92,87,76,78,84,89,85,88,92,91,88,74,79,98,107,0
439,251,230,249,252,258,251,227,246,249,254,249,228,239,252,250,245,247,250,250,255,246,247,249,248,250,1
440,116,114,96,90,87,89,95,83,77,80,92,88,76,78,86,90,85,87,93,90,87,75,79,98,105,0
441,256,231,247,241,254,248,225,238,257,253,250,246,247,252,249,249,248,250,244,252,252,246,230,250,246,1
442,115,91,108,125,122,123,114,113,124,121,108,110,106,97,115,103,92,116,106,105,114,113,98,90,90,0
443,252,229,244,247,253,250,227,241,253,252,243,249,252,253,249,252,246,251,244,254,254,247,227,245,249,1
444,114,92,107,124,122,122,116,111,123,121,110,111,107,96,113,103,94,116,108,108,113,114,100,89,89,0
445,249,232,245,250,254,248,229,240,252,253,250,244,252,248,248,248,251,248,246,254,253,243,231,247,250,1
446,114,91,108,123,121,122,112,112,124,122,107,110,105,98,116,105,95,115,108,106,112,112,102,90,90,0
447,252,231,251,248,255,252,230,232,254,257,251,241,253,246,253,250,243,246,244,251,250,241,230,245,251,1
448,116,92,108,123,122,122,112,113,124,120,109,109,105,96,114,106,93,117,109,106,112,113,101,90,86,0
449,246,232,233,248,252,255,228,236,242,256,256,237,239,247,256,253,239,236,254,253,254,228,236,243,253,1
450,115,111,107,100,93,100,83,71,88,80,91,80,85,89,104,104,97,91,96,87,92,76,71,86,88,0
451,253,232,235,247,246,255,225,236,240,255,255,239,238,248,252,252,241,236,252,255,253,230,239,242,256,1
452,114,108,106,96,94,100,84,72,88,79,92,81,86,87,103,104,96,91,97,89,91,77,71,86,89,0
453,252,234,231,246,246,254,225,238,238,256,257,237,237,251,259,256,244,236,252,249,251,229,235,241,252,1
454,115,108,107,98,92,96,85,73,88,80,93,80,86,88,104,104,97,91,95,87,92,77,71,85,91,0
455,250,234,230,242,249,253,229,234,241,258,259,238,239,247,251,255,242,237,252,250,254,231,235,238,256,1
456,115,109,107,97,93,98,85,72,88,81,92,79,88,88,103,105,97,93,96,87,91,77,70,87,88,0
457,247,255,218,222,250,250,237,212,248,243,254,211,240,249,249,250,223,221,250,252,244,210,247,249,250,1
458,115,106,113,121,120,116,96,111,107,106,120,108,99,129,131,129,100,106,115,116,114,98,105,114,115,0
459,250,250,229,222,246,254,235,212,249,246,249,212,244,249,252,251,224,219,245,246,241,211,247,250,253,1
460,115,108,111,124,120,115,97,107,107,104,122,109,99,130,130,129,101,105,116,117,114,93,105,116,117,0
461,249,249,226,220,246,250,234,215,245,244,245,210,242,252,254,247,225,221,248,247,237,212,245,255,245,1
462,114,105,111,124,118,115,96,111,106,105,123,106,100,129,129,128,100,105,118,117,113,93,105,116,115,0
463,250,251,222,220,248,252,237,214,248,247,244,207,241,249,254,246,234,219,251,250,240,211,240,254,251,1
464,113,108,112,124,122,115,96,109,107,104,122,107,100,129,130,126,101,105,115,117,114,95,105,116,115,0
465,250,216,232,242,238,245,215,243,254,251,250,215,242,255,249,250,237,214,250,251,247,234,215,249,251,1
466,113,94,105,116,118,117,111,101,108,121,119,109,101,117,119,118,107,108,113,129,123,119,105,122,122,0
467,247,214,232,242,244,243,215,241,250,250,251,214,242,256,257,249,239,213,249,250,249,233,216,250,254,1
468,113,96,105,115,116,118,109,102,108,121,118,108,101,116,119,118,107,106,112,126,124,118,106,124,123,0
469,247,216,234,241,242,242,213,243,248,253,252,218,238,251,254,251,244,212,244,245,252,236,219,251,251,1
470,113,95,106,117,115,117,110,103,109,121,119,109,104,116,119,119,107,108,112,130,122,119,107,122,124,0
471,249,217,234,247,242,241,212,244,253,247,252,218,239,254,256,248,242,217,249,251,250,239,219,253,252,1
472,114,94,105,117,116,118,110,101,110,121,119,107,102,115,122,117,106,109,114,129,122,120,105,123,124,0
473,250,241,220,250,254,246,237,220,252,253,252,223,236,248,250,254,259,214,254,250,253,255,224,243,253,1
474,114,93,98,114,114,117,97,93,118,112,110,100,101,114,118,115,106,115,123,119,115,97,110,107,105,0
475,250,239,214,247,247,251,239,220,252,256,253,224,232,244,253,250,255,220,253,252,256,258,228,237,253,1
476,112,92,97,113,114,118,96,93,117,111,108,97,104,116,119,114,106,114,121,120,115,95,109,106,103,0
477,253,242,221,252,254,252,238,218,252,249,247,225,233,247,257,249,256,216,251,256,253,255,219,242,253,1
478,112,95,98,112,113,121,95,92,119,110,108,98,101,115,118,116,107,112,122,119,115,97,109,105,105,0
479,249,240,213,251,248,248,239,217,252,250,248,224,231,245,252,254,253,218,254,255,252,253,224,238,255,1
480,114,93,97,112,111,118,95,93,118,111,108,98,102,115,118,116,106,112,123,121,118,96,109,107,105,0
481,249,224,230,248,253,250,255,214,254,253,252,250,226,242,250,248,228,223,250,242,249,233,224,247,249,1
482,109,102,104,114,115,128,124,102,94,119,125,108,94,112,111,113,94,99,113,114,119,93,92,118,112,0
483,253,228,226,244,251,251,255,219,255,252,252,250,223,240,258,249,229,226,245,242,252,236,223,247,246,1
484,113,101,107,117,116,125,124,104,95,120,124,108,95,113,112,112,94,97,114,113,120,96,94,117,110,0
485,252,227,229,245,255,257,256,215,252,251,250,252,218,239,254,250,237,223,244,245,255,235,221,247,246,1
486,113,101,106,116,115,127,126,104,96,119,124,108,96,112,111,113,95,98,112,114,120,97,94,118,109,0
487,250,227,232,247,255,255,259,217,254,251,251,251,222,242,248,251,231,221,250,241,255,233,226,251,244,1
488,111,100,107,115,113,127,123,106,95,121,125,111,93,112,111,113,95,96,113,113,118,96,92,118,111,0
489,252,229,234,241,246,255,237,237,246,252,253,242,232,247,253,250,251,228,239,255,248,232,226,231,252,1
490,111,113,101,90,89,122,108,95,100,97,115,107,107,96,93,98,84,71,89,80,90,80,86,91,103,0
491,249,225,233,240,252,253,237,242,247,253,253,251,235,258,256,252,249,229,245,254,250,230,232,233,252,1
492,112,112,100,90,88,124,108,94,101,96,116,109,108,96,94,99,84,70,90,81,93,80,86,86,102,0
493,245,227,236,242,248,252,230,243,249,254,250,247,232,249,260,253,249,233,240,251,255,230,226,232,253,1
494,112,113,99,90,89,123,108,96,99,95,114,109,107,96,93,100,83,69,87,81,91,79,89,87,104,0
495,252,227,238,238,251,251,237,241,248,249,253,245,232,248,252,258,251,225,244,253,249,228,227,229,255,1
496,112,114,100,90,92,125,108,94,101,95,115,108,106,96,92,98,83,72,87,79,91,80,85,87,103,0
497,248,237,239,246,255,251,244,235,249,254,254,251,228,237,255,252,233,229,232,255,252,233,243,252,256,1
498,110,101,94,101,106,117,104,100,79,83,97,92,86,94,103,95,93,98,97,106,133,104,91,90,92,0
499,250,234,240,251,252,252,249,237,250,253,257,248,225,244,256,252,227,230,231,255,254,237,243,252,256,1
500,111,102,96,101,105,118,105,102,77,81,95,93,86,94,104,94,94,99,96,106,131,103,90,90,93,0
501,248,235,240,248,255,250,245,237,250,257,255,248,232,245,256,254,232,229,238,256,249,232,237,251,252,1
502,111,101,91,99,105,116,105,98,79,83,95,93,85,95,101,95,96,98,95,106,131,106,91,89,93,0
503,249,236,238,245,258,251,246,234,249,252,250,244,222,244,253,252,229,229,238,252,252,234,246,247,256,1
504,109,103,96,99,103,115,104,99,80,83,97,94,86,97,102,94,95,98,98,107,131,104,92,90,93,0
505,249,235,224,223,244,249,191,218,242,246,253,238,227,213,247,252,189,183,180,246,240,218,213,248,250,1
506,108,98,103,117,116,112,104,114,123,120,117,99,109,108,104,120,108,102,129,130,127,99,105,116,116,0
507,251,234,230,221,250,244,191,224,242,247,248,237,224,208,246,252,192,178,183,246,237,222,218,252,251,1
508,109,98,105,116,118,114,106,114,124,119,115,96,110,107,107,120,108,101,129,131,128,99,105,116,119,0
509,252,234,223,225,243,247,192,226,245,248,250,234,222,214,250,252,186,180,178,250,238,216,216,251,250,1
510,108,100,101,114,119,114,107,113,122,118,116,97,109,106,104,121,108,98,128,130,130,101,106,117,117,0
511,249,232,226,223,252,247,190,221,244,251,250,235,220,215,248,252,190,177,184,249,237,217,216,253,252,1
512,108,99,103,116,116,114,107,114,123,121,117,96,109,107,107,122,109,100,129,129,129,101,104,116,118,0
513,249,216,237,247,253,257,244,223,245,254,246,226,242,244,254,250,229,244,249,250,253,231,246,251,256,1
514,107,110,106,96,115,104,95,116,109,107,113,114,98,91,89,122,106,95,101,96,116,110,106,96,94,0
515,252,220,235,251,244,249,246,221,246,254,246,230,241,244,251,246,230,246,248,249,252,230,240,248,251,1
516,109,112,106,95,111,104,94,116,107,105,113,114,101,89,89,124,107,96,101,97,114,109,107,97,92,0
517,251,217,236,251,245,255,250,220,243,251,247,223,240,244,252,247,228,247,252,247,251,229,243,250,255,1
518,109,113,106,96,114,105,95,114,108,106,111,113,101,90,90,124,106,96,102,96,115,107,108,96,91,0
519,253,221,236,250,242,255,246,221,248,254,251,225,238,242,247,249,229,246,248,244,253,228,244,249,246,1
520,109,111,105,96,112,105,94,117,108,106,111,115,101,90,90,121,108,96,102,96,114,110,107,97,92,0
521,247,223,221,251,247,239,210,240,248,251,245,217,237,253,249,250,223,235,252,249,251,212,237,243,244,1
522,107,101,87,94,100,99,96,83,93,96,115,113,95,91,89,88,94,83,79,82,91,88,75,77,84,0
523,250,231,221,255,251,242,212,250,250,250,247,216,240,250,251,252,224,237,248,252,250,215,233,243,238,1
524,106,101,86,94,98,98,95,85,94,95,115,114,94,88,88,86,96,83,79,81,92,86,76,76,86,0
525,247,226,218,250,248,240,212,245,251,252,249,216,236,252,251,250,224,240,249,250,248,213,236,238,243,1
526,107,101,88,93,99,99,93,84,94,96,115,113,95,89,88,87,94,84,77,81,93,86,76,77,85,0
527,248,231,221,252,250,240,209,246,253,252,256,216,237,247,254,253,217,236,245,245,244,216,233,241,241,1
528,107,101,87,92,100,98,94,84,94,95,117,112,96,89,88,88,97,82,78,83,92,85,76,77,85,0
529,245,220,241,250,252,250,222,238,244,251,252,214,235,245,242,240,212,243,251,247,252,218,241,253,247,1
530,103,93,116,107,107,111,114,99,90,88,124,106,94,100,95,114,109,109,96,94,99,84,73,87,81,0
531,253,223,237,257,252,254,221,237,246,244,253,211,235,242,242,243,214,247,256,249,250,218,241,253,255,1
532,104,94,117,108,107,113,114,101,91,89,124,106,97,100,94,116,110,107,98,92,99,86,71,87,81,0
533,246,221,241,254,249,254,219,238,244,248,251,216,233,240,245,241,210,243,252,251,249,218,239,252,251,1
534,105,93,116,109,106,112,111,101,91,88,123,109,96,104,97,115,109,106,99,94,101,85,70,88,81,0
535,248,223,236,251,252,248,219,238,246,248,248,219,235,243,240,244,211,244,253,252,251,219,237,256,251,1
536,103,94,116,107,106,112,113,100,90,90,122,107,96,101,97,114,107,108,97,93,100,82,72,87,80,0
537,248,240,215,249,249,246,224,232,240,257,252,250,217,251,254,256,255,228,237,252,249,233,225,241,244,1
538,104,97,91,96,86,92,78,70,87,91,96,91,94,102,110,108,102,87,93,100,98,95,83,90,97,0
539,251,233,219,250,250,247,223,234,244,254,257,259,216,251,253,250,249,221,238,253,250,226,223,247,245,1
540,103,95,91,97,85,92,77,73,86,91,97,93,94,99,108,107,101,88,94,101,98,95,84,94,98,0
541,248,237,219,250,253,247,228,228,243,252,255,256,220,249,250,250,250,226,245,250,248,232,223,248,252,1
542,104,96,91,97,87,94,75,71,84,91,97,92,94,102,110,106,101,89,93,100,100,94,84,93,96,0
543,246,235,212,248,251,252,224,228,249,253,253,255,213,252,255,255,253,224,243,249,246,229,225,244,244,1
544,106,95,93,99,87,91,76,70,87,88,96,92,94,99,108,105,100,88,93,99,98,95,85,93,96,0
545,250,226,240,249,251,255,242,254,249,257,249,247,249,244,250,253,245,229,247,257,244,229,239,248,253,1
546,98,87,81,76,105,115,92,108,125,121,121,114,112,124,119,108,111,105,97,115,104,95,116,107,104,0
547,249,228,231,249,251,245,244,256,255,256,252,251,255,249,254,251,248,233,250,250,247,224,239,247,258,1
548,98,88,78,77,106,116,91,110,123,122,123,114,111,125,122,109,111,105,96,115,105,95,115,108,106,0
549,253,230,235,248,253,251,243,247,250,254,249,246,252,247,256,252,244,229,248,248,249,225,237,246,256,1
550,97,86,80,74,105,111,92,108,126,123,122,116,113,125,121,107,109,105,94,116,105,94,115,109,106,0
551,249,230,241,255,252,251,242,247,250,251,245,244,250,244,252,254,240,228,248,249,249,228,241,245,252,1
552,99,87,80,77,107,115,91,110,125,121,121,115,113,125,122,108,110,105,96,114,105,93,117,108,107,0
553,248,246,248,247,252,250,242,228,245,252,247,224,243,246,257,253,245,242,243,259,249,215,235,250,246,1
554,98,83,71,89,81,92,82,87,89,103,104,95,92,95,86,90,76,71,85,89,95,92,94,100,108,0
555,255,247,249,249,254,253,244,229,243,250,246,231,240,245,252,245,245,243,241,254,248,219,241,253,243,1
556,99,84,71,88,81,92,82,87,89,105,103,95,91,96,87,91,76,71,86,91,97,92,95,100,109,0
557,247,246,246,240,252,250,242,228,248,253,244,225,238,248,251,252,238,242,243,251,256,222,231,252,248,1
558,100,83,71,88,82,92,81,85,89,106,103,95,91,95,87,94,76,72,86,90,96,91,93,101,110,0
559,251,251,251,247,253,248,246,230,249,246,250,229,241,249,250,249,243,243,241,253,249,219,234,252,244,1
560,101,83,71,90,79,94,80,86,88,104,104,95,91,95,86,92,75,71,84,90,97,94,93,99,109,0
561,248,231,245,244,249,247,224,246,252,245,258,227,245,256,258,254,226,230,245,253,251,233,234,244,250,1
562,99,110,86,93,68,86,104,101,119,104,143,134,154,147,147,50,86,63,88,74,98,112,109,106,59,0
563,247,228,243,241,250,247,227,242,248,248,256,234,243,250,253,255,226,232,247,250,254,231,231,246,242,1
564,99,109,86,95,68,85,104,98,122,104,144,136,155,146,146,51,85,61,85,76,97,111,108,107,59,0
565,249,228,242,241,249,251,230,246,246,245,256,232,244,250,258,259,232,236,251,253,247,234,235,244,247,1
566,99,108,85,92,67,84,105,101,121,104,143,134,155,146,148,50,87,63,87,74,97,112,108,105,58,0
567,251,233,241,242,249,245,229,246,249,252,253,229,243,254,255,252,225,234,252,250,248,232,234,243,248,1
568,98,110,86,94,66,84,105,101,118,103,144,137,154,149,147,51,83,60,87,75,96,112,107,106,60,0
569,249,226,247,248,249,254,225,247,251,252,254,227,237,250,253,247,227,227,247,248,252,228,237,241,254,1
570,98,94,84,94,96,117,114,95,91,88,87,96,84,78,79,92,86,77,78,86,89,87,90,92,89,0
571,245,224,243,245,249,255,228,245,251,252,255,228,236,247,252,255,233,231,247,246,253,221,236,243,256,1
572,99,94,84,93,96,114,115,97,91,89,86,96,83,77,80,93,89,76,75,85,88,86,88,91,90,0
573,246,225,250,250,245,256,225,244,254,254,254,226,235,248,246,249,232,231,246,244,254,230,239,239,257,1
574,99,97,84,92,95,117,113,94,88,90,88,96,84,79,81,92,88,75,78,85,87,86,89,92,90,0
575,250,227,244,250,246,252,226,249,248,250,256,227,235,249,250,248,232,234,248,251,255,228,234,243,253,1
576,98,94,84,94,96,116,116,96,91,88,88,95,83,80,81,91,86,77,76,85,87,86,87,93,90,0
577,246,244,251,248,258,247,248,250,243,251,249,243,234,245,251,247,228,237,246,252,253,240,246,243,255,1
578,96,110,109,105,59,121,83,96,129,131,60,105,84,95,101,76,106,105,106,83,66,89,91,90,63,0
579,245,247,251,250,252,252,245,248,245,254,251,243,226,248,247,248,229,238,248,257,257,245,244,242,254,1
580,96,112,109,105,60,120,83,95,129,132,61,103,85,94,101,76,107,108,106,82,64,89,90,90,62,0
581,251,246,249,251,254,250,247,248,246,253,255,245,225,246,249,247,226,238,246,254,255,242,245,242,257,1
582,97,113,107,106,59,118,84,95,130,129,59,103,84,96,100,76,105,106,108,81,67,89,89,91,63,0
583,247,244,248,251,255,243,245,251,243,254,252,240,229,243,250,250,230,235,246,252,256,245,245,241,242,1
584,96,113,107,104,59,118,83,95,130,132,62,102,84,95,100,76,106,106,106,81,67,89,89,90,61,0
585,247,210,240,255,246,250,222,221,253,247,239,216,244,254,253,246,217,239,251,251,253,226,237,244,245,1
586,97,92,93,100,109,106,100,87,92,99,98,94,84,92,96,114,116,94,90,87,87,94,83,76,82,0
587,248,207,243,249,247,247,227,218,253,248,245,210,249,247,249,247,220,237,254,251,257,223,239,245,247,1
588,95,91,93,101,108,107,100,88,93,101,97,96,84,93,97,117,114,95,90,86,89,95,85,79,82,0
589,248,204,241,250,247,245,224,219,251,252,239,210,245,254,251,250,217,241,245,250,253,224,242,241,243,1
590,95,93,92,99,108,107,100,86,93,100,98,94,84,93,93,116,114,92,90,89,88,94,83,78,81,0
591,251,208,233,247,248,247,231,223,251,248,238,211,246,249,249,247,213,238,250,250,253,225,236,246,252,1
592,96,93,94,98,109,108,98,88,94,100,98,95,85,94,96,115,115,95,91,90,89,96,82,79,81,0
593,243,194,175,181,248,251,194,190,244,253,248,233,232,245,246,250,233,225,213,247,245,191,222,242,252,1
594,97,94,86,97,103,93,95,100,98,106,134,105,89,90,94,89,120,122,127,129,122,121,112,109,125,0
595,245,192,171,184,247,253,194,189,246,253,246,229,228,245,246,252,236,228,217,246,247,192,224,246,244,1
596,97,95,85,95,103,95,91,99,97,106,131,103,90,91,92,87,119,121,125,128,120,120,111,110,123,0
597,245,191,174,180,252,254,193,190,250,255,249,232,229,246,245,253,235,227,226,249,244,190,224,245,243,1
598,96,92,87,95,104,92,96,100,98,107,132,106,92,91,92,88,120,120,127,128,122,121,112,110,123,0
599,248,187,178,183,249,251,196,194,249,255,249,236,227,245,248,250,235,222,219,249,247,191,224,243,246,1
600,96,92,86,95,102,97,95,97,97,106,133,103,92,90,93,89,119,120,125,127,124,119,110,112,122,0
601,246,226,230,244,247,249,236,224,215,243,251,191,227,244,250,253,236,221,212,248,256,192,184,179,248,1
602,93,94,100,95,108,133,106,90,89,92,89,119,122,126,129,122,122,113,111,123,104,96,100,92,99,0
603,245,230,234,246,253,252,231,227,216,247,246,190,227,242,247,250,235,223,210,248,254,190,182,182,250,1
604,93,95,98,100,106,132,103,90,89,94,88,119,121,126,127,120,122,112,111,122,103,94,99,93,101,0
605,248,230,233,248,244,247,234,227,219,249,251,193,226,244,247,254,234,223,213,251,252,190,177,176,247,1
606,95,94,99,96,105,133,105,91,90,93,90,119,121,126,126,123,121,112,111,123,102,94,100,92,102,0
607,249,229,232,245,247,248,233,225,223,250,244,189,224,245,250,252,236,224,213,245,253,190,182,177,247,1
608,94,95,99,97,102,131,103,90,91,94,87,120,122,126,127,122,122,111,110,121,102,95,100,92,102,0
609,249,225,237,245,252,255,244,241,243,251,249,219,237,251,247,250,250,220,245,252,249,230,244,242,250,1
610,92,79,89,87,104,103,97,91,96,87,92,78,72,86,90,95,92,94,100,110,109,101,87,95,99,0
611,244,226,242,247,255,252,243,244,246,254,253,218,236,252,244,254,245,218,244,257,249,230,248,239,253,1
612,92,80,87,88,105,105,96,91,94,87,91,74,71,86,91,96,92,95,100,109,106,101,88,93,100,0
613,248,227,239,245,254,250,244,245,245,254,252,221,234,254,245,251,249,213,245,255,247,227,242,241,250,1
614,91,80,86,87,106,103,97,92,97,85,92,78,71,87,89,96,91,95,101,110,107,101,87,93,100,0
615,246,230,241,246,254,253,242,245,245,257,251,218,235,247,246,250,243,221,247,252,252,225,239,238,251,1
616,91,81,86,88,105,103,96,91,97,87,93,76,72,87,90,96,92,94,100,109,107,101,87,92,101,0
617,247,193,227,245,247,251,237,221,211,247,254,191,183,181,250,236,217,216,253,255,254,160,132,236,243,1
618,92,77,71,85,89,97,92,94,98,108,105,101,88,92,100,97,95,84,94,96,116,113,96,89,89,0
619,243,193,223,245,249,251,234,225,210,250,256,195,179,181,247,240,219,216,252,252,256,167,134,236,240,1
620,92,76,70,84,90,95,91,94,99,109,108,100,89,92,99,98,95,83,93,95,117,115,95,88,89,0
621,247,189,221,241,249,250,234,225,213,249,255,183,182,180,249,237,217,213,249,251,253,162,131,234,245,1
622,92,76,70,87,90,96,92,94,101,108,108,102,89,94,100,98,95,84,94,95,116,114,93,89,90,0
623,245,191,223,241,247,250,235,220,208,246,252,190,182,179,252,234,216,214,251,251,252,164,133,233,241,1
624,92,78,71,86,91,95,91,94,99,108,106,101,88,93,99,97,94,84,94,97,115,114,95,91,88,0
625,241,213,140,159,251,240,200,191,239,238,238,182,180,176,228,222,168,131,141,216,234,199,197,207,251,1
626,89,95,81,86,108,99,111,85,93,66,86,106,99,120,105,145,135,153,146,145,51,86,60,87,73,0
627,247,217,142,161,246,241,202,194,243,236,241,183,183,178,223,223,163,133,143,216,234,201,194,207,249,1
628,90,96,80,88,106,99,112,86,94,68,85,105,99,120,102,145,137,152,145,147,52,85,61,88,75,0
629,247,219,142,155,244,241,200,195,238,233,238,178,177,179,229,225,163,135,141,218,236,199,195,205,250,1
630,86,96,82,88,108,98,112,85,92,68,84,105,98,120,105,143,139,155,147,147,51,85,59,86,74,0
631,250,216,140,156,247,241,202,194,240,236,241,177,175,180,227,224,166,134,137,218,235,198,192,200,249,1
632,88,97,81,86,106,98,112,86,93,66,84,104,99,119,105,145,136,154,147,146,49,85,61,88,73,0
633,243,170,145,186,241,246,214,142,157,249,240,203,192,241,235,235,179,178,179,227,227,166,136,141,219,1
634,86,105,108,113,113,111,101,93,102,105,116,105,101,78,84,97,93,85,97,102,93,93,100,96,107,0
635,246,174,146,187,236,243,217,139,157,248,240,201,193,241,232,237,179,182,177,223,226,165,136,138,215,1
636,87,107,108,112,111,112,104,96,100,104,118,104,99,79,82,96,93,86,95,104,95,93,98,97,106,0
637,245,170,145,186,237,243,216,139,159,247,242,202,193,243,236,236,180,181,179,229,226,166,133,141,216,1
638,86,106,110,113,113,108,103,95,101,105,118,106,101,81,84,94,91,88,95,104,93,95,98,98,107,0
639,249,172,147,189,240,246,216,148,156,248,239,202,193,234,235,237,177,178,181,226,222,164,132,139,217,1
640,89,107,111,113,111,110,100,95,101,106,118,104,100,80,83,97,93,87,95,105,94,94,98,97,106,0
641,242,208,245,256,252,249,213,239,250,254,250,239,214,251,248,249,236,214,253,255,252,221,230,245,256,1
642,86,106,101,121,105,143,135,153,146,147,49,87,61,87,74,96,112,108,107,57,119,84,94,128,131,0
643,239,212,242,252,253,252,217,238,252,254,251,244,217,249,249,250,239,218,252,252,251,226,229,244,257,1
644,88,104,101,118,104,144,136,156,148,148,50,82,62,86,71,98,111,108,104,59,117,82,96,132,129,0
645,246,215,241,254,254,253,214,239,255,250,248,242,212,244,248,249,237,220,246,255,251,224,232,244,253,1
646,85,103,101,120,104,143,134,154,148,148,51,85,61,87,73,97,110,109,105,61,118,83,93,130,130,0
647,241,213,247,251,251,255,219,238,255,253,253,242,210,248,248,251,237,215,248,254,249,227,231,243,255,1
648,86,106,99,121,106,143,136,153,146,147,49,86,62,88,75,96,113,109,107,59,118,84,96,130,132,0
649,241,208,244,248,250,247,222,234,249,254,252,220,239,248,249,251,215,231,242,240,235,215,245,251,255,1
650,86,98,96,107,107,103,114,96,95,89,94,106,99,112,98,72,92,78,94,81,71,71,85,95,92,0
651,242,211,247,249,249,251,218,232,246,253,250,219,234,248,248,249,218,238,244,240,239,213,247,250,247,1
652,86,97,95,109,110,102,115,96,94,91,96,106,100,112,98,73,94,78,94,81,70,69,85,95,91,0
653,242,213,244,248,250,246,219,236,248,251,253,224,239,244,249,247,216,236,241,244,242,219,245,251,248,1
654,85,98,95,108,110,102,113,95,96,91,94,105,99,112,98,70,92,78,92,79,72,70,84,94,92,0
655,244,210,243,254,249,250,216,236,251,254,252,222,236,249,249,252,212,239,242,236,243,217,242,249,249,1
656,86,99,96,106,110,101,115,97,95,92,94,106,99,112,95,71,93,79,94,77,71,71,84,94,92,0
657,242,202,192,240,235,232,181,179,180,227,221,166,133,140,217,236,198,192,204,248,246,126,124,177,235,1
658,84,105,95,103,89,85,98,95,107,109,102,115,97,95,91,94,107,97,111,97,71,95,78,93,79,0
659,242,204,191,241,234,236,180,179,178,223,223,162,132,140,214,232,200,190,207,253,244,127,124,174,237,1
660,82,108,93,103,88,84,97,95,107,111,102,114,96,94,92,94,105,100,112,98,71,94,79,93,79,0
661,239,204,194,236,238,239,177,179,176,228,226,166,129,140,217,241,196,195,203,250,246,126,126,174,239,1
662,82,106,94,101,89,87,98,95,107,110,102,114,96,94,91,95,108,97,112,97,70,93,79,93,80,0
663,240,201,194,238,235,238,178,179,179,229,228,163,134,139,210,234,198,194,208,250,247,125,127,178,239,1
664,81,107,96,102,89,85,98,94,108,108,102,114,95,96,92,95,107,99,111,98,72,92,78,94,80,0
665,242,139,147,158,243,234,187,185,241,240,235,131,129,197,227,216,176,172,226,231,247,174,143,189,240,1
666,77,108,107,107,81,64,91,91,91,62,72,91,99,104,51,66,80,76,80,67,61,98,101,99,66,0
667,241,139,149,156,241,237,189,186,231,237,233,130,127,197,228,216,173,169,225,228,247,173,142,189,241,1
668,75,106,105,107,81,65,89,91,90,64,68,93,99,105,51,67,80,77,80,66,63,98,99,98,65,0
669,238,143,149,154,242,232,182,188,235,235,237,132,129,196,231,214,172,169,225,230,246,174,144,187,237,1
670,75,106,105,105,80,64,90,89,90,62,70,90,98,103,51,66,79,78,78,66,61,97,101,98,65,0
671,238,140,150,153,243,229,187,184,234,236,237,131,127,194,229,213,179,170,225,232,243,172,148,188,238,1
672,77,106,106,108,80,65,91,89,91,61,68,90,99,103,52,66,80,77,80,66,62,98,100,97,64,0
673,235,219,214,253,252,257,167,132,232,238,239,139,149,157,244,232,190,182,233,241,235,127,135,197,227,1
674,72,91,98,104,51,65,79,79,80,66,61,99,99,97,64,74,101,100,101,72,72,92,99,101,84,0
675,236,214,217,253,253,254,168,132,236,241,238,139,148,154,243,235,190,183,235,237,233,128,130,198,228,1
676,70,91,98,103,53,66,80,77,79,67,62,98,101,98,65,75,99,101,102,71,70,93,99,99,83,0
677,235,217,214,251,253,252,163,134,235,244,238,144,148,158,239,233,190,183,236,244,235,128,128,194,226,1
678,71,92,99,102,51,65,82,75,79,65,62,97,101,98,66,73,99,100,101,73,70,92,100,99,84,0
679,239,220,215,251,254,255,163,131,234,241,237,143,149,159,242,235,190,192,235,239,232,129,132,195,230,1
680,70,92,99,104,51,66,79,76,80,67,61,98,99,97,65,75,101,100,102,73,71,93,100,98,82,0
681,233,127,126,198,231,219,171,165,227,230,240,174,146,186,237,247,218,140,158,246,240,206,196,243,236,1
682,64,91,90,91,61,70,90,98,104,52,66,81,77,79,66,62,99,99,96,64,74,100,100,102,72,0
683,234,127,130,199,231,218,171,169,224,232,242,171,145,183,237,246,220,140,160,245,238,201,196,242,234,1
684,66,91,91,89,63,70,92,97,104,51,66,81,78,77,67,63,97,101,97,64,74,100,100,101,72,0
685,234,130,127,194,228,215,172,166,224,234,239,171,142,185,244,247,218,140,158,246,242,205,195,237,230,1
686,65,91,90,90,63,70,92,99,104,52,67,80,77,78,65,62,98,101,96,64,76,101,101,102,72,0
687,234,128,129,195,226,216,171,166,224,232,244,172,146,188,238,246,219,140,158,246,239,204,192,241,233,1
688,66,90,89,89,62,69,91,99,103,50,66,79,77,80,66,61,98,101,97,65,73,100,102,101,71,0
689,236,189,187,240,238,235,131,131,196,230,215,173,172,227,234,244,170,142,189,236,243,214,142,157,246,1
690,61,104,83,96,99,75,105,105,107,80,65,90,90,90,62,69,91,98,103,51,67,80,76,80,68,0
691,234,192,190,232,239,236,130,130,202,225,214,177,170,225,230,245,177,146,187,239,252,217,139,156,244,1
692,62,102,84,96,99,76,107,104,110,81,65,89,90,90,62,70,92,97,104,52,67,80,76,79,66,0
693,232,186,187,235,238,234,129,127,198,230,214,174,169,226,231,243,170,144,184,242,247,219,142,163,244,1
694,61,101,85,97,100,78,106,106,108,81,66,91,89,89,61,72,91,97,101,51,65,79,77,80,65,0
695,233,190,185,236,239,234,130,125,194,228,214,171,167,224,230,244,171,147,187,236,243,216,137,157,247,1
696,62,102,84,97,101,76,106,108,106,81,65,90,90,90,62,70,91,100,103,51,66,81,77,78,67,0
697,219,175,171,227,234,242,175,145,185,240,241,215,145,158,247,237,204,193,239,236,232,182,178,177,229,1
698,51,85,60,88,75,98,114,108,107,59,119,82,94,130,132,60,102,84,96,99,76,106,106,108,80,0
699,220,173,169,226,230,241,173,143,184,236,244,215,137,160,246,240,204,192,240,237,239,177,181,175,228,1
700,50,88,61,87,74,98,111,107,105,59,118,82,96,131,132,60,105,86,96,100,77,105,106,105,81,0
701,214,177,170,222,226,249,173,142,189,241,248,220,143,162,248,240,204,195,238,233,236,179,179,174,225,1
702,47,83,62,85,74,95,113,107,105,59,117,83,95,131,131,62,101,85,97,99,76,106,105,106,81,0
703,215,172,170,229,230,244,171,144,186,242,246,219,141,157,247,246,202,191,242,237,236,181,178,182,227,1
704,50,83,63,87,73,97,114,108,105,59,118,84,93,132,131,61,101,82,96,100,76,107,105,107,82,0
705,254,244,248,254,254,254,232,206,213,254,254,254,196,253,254,254,228,209,254,254,254,231,254,254,254,1
706,168,157,161,147,135,137,137,139,131,123,142,151,147,144,132,133,130,138,126,122,144,142,140,134,130,0
707,254,232,206,213,254,254,254,196,253,254,254,228,209,254,254,254,231,254,254,254,254,254,170,235,254,1
708,155,152,151,148,144,168,157,161,147,135,137,137,139,131,123,142,151,147,144,132,133,130,138,126,122,0
709,254,254,196,253,254,254,228,209,254,254,254,231,254,254,254,254,254,170,235,254,254,245,247,253,254,1
710,153,154,150,137,135,132,137,138,147,141,146,144,145,142,127,144,150,152,147,138,140,134,136,145,143,0
711,254,228,209,254,254,254,231,254,254,254,254,254,170,235,254,254,245,247,253,254,254,214,234,254,254,1
712,151,120,112,118,124,126,114,125,139,136,119,116,105,105,119,126,105,104,105,129,129,115,125,119,110,0
713,254,231,254,254,254,254,254,170,235,254,254,245,247,253,254,254,214,234,254,254,254,254,171,254,254,1
714,146,144,145,142,127,144,150,152,147,138,140,134,136,145,143,155,152,151,148,144,168,157,161,147,135,0
715,254,254,170,235,254,254,245,247,253,254,254,214,234,254,254,254,254,171,254,254,254,244,244,252,254,1
716,145,141,150,138,133,119,115,124,126,126,139,138,134,124,126,142,140,131,136,133,122,128,112,115,110,0
717,254,245,247,253,254,254,214,234,254,254,254,254,171,254,254,254,244,244,252,254,254,253,239,239,254,1
718,144,136,154,147,147,50,85,61,87,74,97,112,108,105,59,118,83,95,130,131,61,102,84,96,100,0
719,254,214,234,254,254,254,254,171,254,254,254,244,244,252,254,254,253,239,239,254,254,243,240,248,254,1
720,144,150,152,147,138,140,134,136,145,143,155,152,151,148,144,168,157,161,147,135,137,137,139,131,123,0
721,254,254,171,254,254,254,244,244,252,254,254,253,239,239,254,254,243,240,248,254,254,215,222,254,254,1
722,144,142,140,134,130,143,138,146,139,139,135,133,139,151,128,129,131,123,122,114,124,122,129,123,119,0
723,254,244,244,252,254,254,253,239,239,254,254,243,240,248,254,254,215,222,254,254,254,254,242,242,254,1
724,143,140,136,120,126,136,117,120,134,159,147,141,126,115,131,134,133,106,108,124,129,128,107,119,124,0
725,254,253,239,239,254,254,243,240,248,254,254,215,222,254,254,254,254,242,242,254,254,230,246,246,254,1
726,143,138,146,139,139,135,133,139,151,128,129,131,123,122,114,124,122,129,123,119,129,138,144,144,149,0
727,254,243,240,248,254,254,215,222,254,254,254,254,242,242,254,254,230,246,246,254,254,202,222,222,254,1
728,142,151,147,144,132,133,130,138,126,122,144,142,140,134,130,143,138,146,139,139,135,133,139,151,128,0
729,254,254,217,253,253,253,253,223,241,252,249,230,225,245,245,254,235,220,248,248,248,229,226,250,250,1
730,142,140,131,136,133,122,128,112,115,110,136,132,128,138,133,139,144,136,140,138,122,117,113,120,121,0
731,254,232,243,242,254,254,239,238,238,253,249,243,233,239,254,254,240,200,246,252,254,238,204,234,242,1
732,141,130,131,146,140,125,132,130,138,136,145,141,150,138,133,119,115,124,126,126,139,138,134,124,126,0
733,254,239,238,238,253,249,243,233,239,254,254,240,200,246,252,254,238,204,234,242,247,224,214,254,254,1
734,140,147,128,139,132,88,96,81,87,107,98,111,86,93,67,85,105,100,120,104,144,136,154,147,147,0
735,254,253,235,253,254,254,231,219,232,254,254,254,215,209,254,254,244,227,246,254,254,233,186,218,254,1
736,140,134,136,145,143,155,152,151,148,144,168,157,161,147,135,137,137,139,131,123,142,151,147,144,132,0
737,254,231,219,232,254,254,254,215,209,254,254,244,227,246,254,254,233,186,218,254,254,182,193,215,254,1
738,140,142,149,143,141,141,130,131,146,140,125,132,130,138,136,145,141,150,138,133,119,115,124,126,126,0
739,254,249,226,242,254,252,230,229,233,254,253,235,242,251,254,254,248,212,238,253,250,231,237,238,246,1
740,139,138,134,124,126,142,140,131,136,133,122,128,112,115,110,136,132,128,138,133,139,144,136,140,138,0
741,254,190,181,180,247,237,218,216,252,253,254,163,133,235,241,239,142,149,156,241,233,188,186,235,238,1
742,139,144,136,140,138,122,117,113,120,121,129,128,119,128,140,138,133,138,131,132,126,120,124,124,130,0
743,254,163,133,235,241,239,142,149,156,241,233,188,186,235,238,235,129,128,196,228,215,173,169,226,231,1
744,138,133,138,131,132,126,120,124,124,130,88,106,109,113,112,110,102,95,100,105,117,104,101,79,83,0
745,254,250,251,253,254,252,237,254,252,253,254,235,251,250,252,254,241,253,253,254,254,235,250,253,254,1
746,137,137,139,131,123,142,151,147,144,132,133,130,138,126,122,144,142,140,134,130,143,138,146,139,139,0
747,254,235,251,250,252,254,241,253,253,254,254,235,250,253,254,254,250,251,253,253,254,254,252,251,254,1
748,136,117,120,134,159,147,141,126,115,131,134,133,106,108,124,129,128,107,119,124,122,97,96,112,112,0
749,254,241,253,253,254,254,235,250,253,254,254,250,251,253,253,254,254,252,251,254,254,248,250,251,254,1
750,136,132,128,138,133,139,144,136,140,138,122,117,113,120,121,129,128,119,128,140,138,133,138,131,132,0
751,254,235,250,253,254,254,250,251,253,253,254,254,252,251,254,254,248,250,251,254,251,244,248,250,254,1
752,135,133,139,151,128,129,131,123,122,114,124,122,129,123,119,129,138,144,144,149,140,142,149,143,141,0
753,254,250,251,253,253,254,254,252,251,254,254,248,250,251,254,251,244,248,250,254,252,241,254,251,254,1
754,133,130,138,126,122,144,142,140,134,130,143,138,146,139,139,135,133,139,151,128,129,131,123,122,114,0
755,254,254,252,251,254,254,248,250,251,254,251,244,248,250,254,252,241,254,251,254,252,250,249,254,254,1
756,132,137,138,147,141,146,144,145,142,127,144,150,152,147,138,140,134,136,145,143,155,152,151,148,144,0
757,254,248,250,251,254,251,244,248,250,254,252,241,254,251,254,252,250,249,254,254,254,235,250,254,254,1
758,129,101,105,117,117,114,95,105,116,116,117,109,102,109,121,119,108,101,115,120,118,106,108,112,129,0
759,254,235,250,254,254,254,238,244,250,254,254,234,250,251,254,252,248,249,253,254,254,232,250,253,252,1
760,129,115,125,119,110,108,116,110,116,141,141,126,137,135,136,149,145,135,115,115,125,122,115,103,103,0
761,254,238,244,250,254,254,234,250,251,254,252,248,249,253,254,254,232,250,253,252,251,227,250,250,254,1
762,129,131,123,122,114,124,122,129,123,119,129,138,144,144,149,140,142,149,143,141,141,130,131,146,140,0
763,254,234,250,251,254,252,248,249,253,254,254,232,250,253,252,251,227,250,250,254,254,227,245,252,251,1
764,129,138,144,144,149,140,142,149,143,141,141,130,131,146,140,125,132,130,138,136,145,141,150,138,133,0
765,254,232,250,253,252,251,227,250,250,254,254,227,245,252,251,251,229,251,252,253,251,230,247,246,254,1
766,129,128,119,128,140,138,133,138,131,132,126,120,124,124,130,88,106,109,113,112,110,102,95,100,105,0
767,254,227,245,252,251,251,229,251,252,253,251,230,247,246,254,249,228,238,253,253,248,244,250,250,253,1
768,126,125,105,96,119,125,109,95,111,111,113,94,97,113,113,119,96,93,118,111,108,98,102,116,118,0
769,254,230,245,252,254,254,227,234,249,253,251,232,232,246,248,254,225,236,240,254,254,239,237,249,253,1
770,126,109,110,103,121,151,120,112,118,124,126,114,125,139,136,119,116,105,105,119,126,105,104,105,129,0
771,254,227,234,249,253,251,232,232,246,248,254,225,236,240,254,254,239,237,249,253,253,242,236,254,252,1
772,126,114,125,139,136,119,116,105,105,119,126,105,104,105,129,129,115,125,119,110,108,116,110,116,141,0
773,254,225,236,240,254,254,239,237,249,253,253,242,236,254,252,253,227,237,240,253,253,248,228,242,252,1
774,126,105,104,105,129,129,115,125,119,110,108,116,110,116,141,141,126,137,135,136,149,145,135,115,115,0
775,254,239,237,249,253,253,242,236,254,252,253,227,237,240,253,253,248,228,242,252,251,230,213,228,249,1
776,126,120,124,124,130,88,106,109,113,112,110,102,95,100,105,117,104,101,79,83,96,93,86,95,103,0
777,253,235,242,251,254,254,248,212,238,253,250,231,237,238,246,254,223,224,240,252,254,227,228,254,254,1
778,125,109,95,111,111,113,94,97,113,113,119,96,93,118,111,108,98,102,116,118,114,106,113,123,120,0
779,253,244,229,246,251,247,227,240,247,254,252,243,244,242,254,250,219,236,251,245,253,246,220,246,253,1
780,125,132,130,138,136,145,141,150,138,133,119,115,124,126,126,139,138,134,124,126,142,140,131,136,133,0
781,253,246,220,246,253,249,229,242,243,249,249,227,246,249,248,254,230,245,252,254,254,227,234,249,253,1
782,124,122,129,123,119,129,138,144,144,149,140,142,149,143,141,141,130,131,146,140,125,132,130,138,136,0
783,252,235,215,246,246,247,209,242,249,249,249,226,220,250,249,240,212,245,251,250,249,219,237,251,252,1
784,123,119,107,123,123,130,128,118,124,126,118,108,99,122,122,110,104,102,108,108,108,102,99,112,112,0
785,252,222,238,246,248,250,214,235,242,242,242,214,244,251,251,252,217,240,254,254,250,243,215,248,251,1
786,123,107,96,101,96,115,109,107,97,93,99,84,71,88,80,92,80,86,88,104,104,96,91,96,87,0
787,252,217,240,254,254,250,243,215,248,251,249,237,218,250,252,250,225,230,245,254,254,254,217,253,253,1
788,122,114,112,124,121,108,111,106,96,114,104,94,116,108,106,112,113,100,90,89,123,107,96,101,96,0
789,252,247,234,251,254,254,249,226,242,254,252,230,229,233,254,253,235,242,251,254,254,248,212,238,253,1
790,122,128,112,115,110,136,132,128,138,133,139,144,136,140,138,122,117,113,120,121,129,128,119,128,140,0
791,252,230,229,233,254,253,235,242,251,254,254,248,212,238,253,250,231,237,238,246,254,223,224,240,252,1
792,122,117,113,120,121,129,128,119,128,140,138,133,138,131,132,126,120,124,124,130,88,106,109,113,112,0
793,252,195,190,245,254,247,231,232,246,247,250,234,226,221,247,246,191,224,243,248,251,236,223,211,248,1
794,121,108,100,129,129,129,101,105,117,117,114,95,105,116,116,117,109,102,109,121,119,108,101,115,120,0
795,252,237,254,252,253,254,235,251,250,252,254,241,253,253,254,254,235,250,253,254,254,250,251,253,253,1
796,119,96,93,118,111,108,98,102,116,118,114,106,113,123,120,116,97,110,107,105,121,108,100,129,129,0
797,252,241,254,251,254,252,250,249,254,254,254,235,250,254,254,254,238,244,250,254,254,234,250,251,254,1
798,119,108,101,115,120,118,106,108,112,129,123,119,107,123,123,130,128,118,124,126,118,108,99,122,122,0
799,252,250,249,254,254,254,235,250,254,254,254,238,244,250,254,254,234,250,251,254,252,248,249,253,254,1
800,119,116,105,105,119,126,105,104,105,129,129,115,125,119,110,108,116,110,116,141,141,126,137,135,136,0
801,252,248,249,253,254,254,232,250,253,252,251,227,250,250,254,254,227,245,252,251,251,229,251,252,253,1
802,119,115,124,126,126,139,138,134,124,126,142,140,131,136,133,122,128,112,115,110,136,132,128,138,133,0
803,252,243,244,242,254,250,219,236,251,245,253,246,220,246,253,249,229,242,243,249,249,227,246,249,248,1
804,118,83,95,130,131,61,102,84,96,100,76,106,106,107,81,65,90,90,90,62,70,91,98,103,51,0
805,251,222,240,251,251,250,251,225,223,249,252,235,215,246,246,247,209,242,249,249,249,226,220,250,249,1
806,118,106,108,112,129,123,119,107,123,123,130,128,118,124,126,118,108,99,122,122,110,104,102,108,108,0
807,251,236,223,211,248,254,190,181,180,247,237,218,216,252,253,254,163,133,235,241,239,142,149,156,241,1
808,117,109,102,109,121,119,108,101,115,120,118,106,108,112,129,123,119,107,123,123,130,128,118,124,126,0
809,251,244,248,250,254,252,241,254,251,254,252,250,249,254,254,254,235,250,254,254,254,238,244,250,254,1
810,117,104,101,79,83,96,93,86,95,103,94,94,99,97,106,132,104,91,90,93,88,120,122,126,127,0
811,251,227,250,250,254,254,227,245,252,251,251,229,251,252,253,251,230,247,246,254,249,228,238,253,253,1
812,116,97,110,107,105,121,108,100,129,129,129,101,105,117,117,114,95,105,116,116,117,109,102,109,121,0
813,251,229,251,252,253,251,230,247,246,254,249,228,238,253,253,248,244,250,250,253,249,247,249,245,254,1
814,116,114,95,90,88,88,95,83,78,81,92,87,76,77,85,89,86,88,92,90,87,75,79,98,106,0
815,251,230,247,246,254,249,228,238,253,253,248,244,250,250,253,249,247,249,245,254,253,244,229,246,251,1
816,115,91,108,125,122,122,114,112,124,121,108,111,106,96,114,104,94,116,108,106,112,113,100,90,89,0
817,251,232,232,246,248,254,225,236,240,254,254,239,237,249,253,253,242,236,254,252,253,227,237,240,253,1
818,115,109,107,97,93,99,84,71,88,80,92,80,86,88,104,104,96,91,96,87,92,77,71,86,90,0
819,250,251,225,223,249,252,235,215,246,246,247,209,242,249,249,249,226,220,250,249,240,212,245,251,250,1
820,114,106,113,123,120,116,97,110,107,105,121,108,100,129,129,129,101,105,117,117,114,95,105,116,116,0
821,250,214,235,242,242,242,214,244,251,251,252,217,240,254,254,250,243,215,248,251,249,237,218,250,252,1
822,114,95,105,116,116,117,109,102,109,121,119,108,101,115,120,118,106,108,112,129,123,119,107,123,123,0
823,250,243,215,248,251,249,237,218,250,252,250,225,230,245,254,254,254,217,253,253,253,253,223,241,252,1
824,113,94,97,113,113,119,96,93,118,111,108,98,102,116,118,114,106,113,123,120,116,97,110,107,105,0
825,250,225,230,245,254,254,254,217,253,253,253,253,223,241,252,249,230,225,245,245,254,235,220,248,248,1
826,112,101,106,114,114,126,125,105,96,119,125,109,95,111,111,113,94,97,113,113,119,96,93,118,111,0
827,250,226,236,242,249,250,235,241,246,254,252,247,234,251,254,254,249,226,242,254,252,230,229,233,254,1
828,112,113,100,90,89,123,107,96,101,96,115,109,107,97,93,99,84,71,88,80,92,80,86,88,104,0
829,250,235,241,246,254,252,247,234,251,254,254,249,226,242,254,252,230,229,233,254,253,235,242,251,254,1
830,110,102,95,100,105,117,104,101,79,83,96,93,86,95,103,94,94,99,97,106,132,104,91,90,93,0
831,250,234,226,221,247,246,191,224,243,248,251,236,223,211,248,254,190,181,180,247,237,218,216,252,253,1
832,108,98,102,116,118,114,106,113,123,120,116,97,110,107,105,121,108,100,129,129,129,101,105,117,117,0
833,250,219,236,251,245,253,246,220,246,253,249,229,242,243,249,249,227,246,249,248,254,230,245,252,254,1
834,108,111,106,96,114,104,94,116,108,106,112,113,100,90,89,123,107,96,101,96,115,109,107,97,93,0
835,249,226,220,250,249,240,212,245,251,250,249,219,237,251,252,252,222,238,246,248,250,214,235,242,242,1
836,107,101,88,93,100,98,95,84,93,96,116,114,95,90,88,88,95,83,78,81,92,87,76,77,85,0
837,249,219,237,251,252,252,222,238,246,248,250,214,235,242,242,242,214,244,251,251,252,217,240,254,254,1
838,104,94,116,108,106,112,113,100,90,89,123,107,96,101,96,115,109,107,97,93,99,84,71,88,80,0
839,249,237,218,250,252,250,225,230,245,254,254,254,217,253,253,253,253,223,241,252,249,230,225,245,245,1
840,104,96,91,96,87,92,77,71,86,90,96,92,94,100,109,107,101,88,93,100,98,95,84,93,96,0
841,249,228,238,253,253,248,244,250,250,253,249,247,249,245,254,253,244,229,246,251,247,227,240,247,254,1
842,99,87,82,76,105,115,91,108,125,122,122,114,112,124,121,108,111,106,96,114,104,94,116,108,106,0
843,249,247,249,245,254,253,244,229,246,251,247,227,240,247,254,252,243,244,242,254,250,219,236,251,245,1
844,99,84,71,88,80,92,80,86,88,104,104,96,91,96,87,92,77,71,86,90,96,92,94,100,109,0
845,249,229,242,243,249,249,227,246,249,248,254,230,245,252,254,254,227,234,249,253,251,232,232,246,248,1
846,98,111,86,93,67,85,105,100,120,104,144,136,154,147,147,50,85,61,87,74,97,112,108,105,59,0
847,249,227,246,249,248,254,230,245,252,254,254,227,234,249,253,251,232,232,246,248,254,225,236,240,254,1
848,98,95,84,93,96,116,114,95,90,88,88,95,83,78,81,92,87,76,77,85,89,86,88,92,90,0
849,248,244,250,250,253,249,247,249,245,254,253,244,229,246,251,247,227,240,247,254,252,243,244,242,254,1
850,97,112,108,105,59,118,83,95,130,131,61,102,84,96,100,76,106,106,107,81,65,90,90,90,62,0
851,247,209,242,249,249,249,226,220,250,249,240,212,245,251,250,249,219,237,251,252,252,222,238,246,248,1
852,96,92,94,100,109,107,101,88,93,100,98,95,84,93,96,116,114,95,90,88,88,95,83,78,81,0
853,247,190,174,183,250,252,195,190,245,254,247,231,232,246,247,250,234,226,221,247,246,191,224,243,248,1
854,96,93,86,95,103,94,94,99,97,106,132,104,91,90,93,88,120,122,126,127,122,121,111,111,123,0
855,247,231,232,246,247,250,234,226,221,247,246,191,224,243,248,251,236,223,211,248,254,190,181,180,247,1
856,94,94,99,97,106,132,104,91,90,93,88,120,122,126,127,122,121,111,111,123,103,95,99,91,100,0
857,247,227,240,247,254,252,243,244,242,254,250,219,236,251,245,253,246,220,246,253,249,229,242,243,249,1
858,92,80,86,88,104,104,96,91,96,87,92,77,71,86,90,96,92,94,100,109,107,101,88,93,100,0
859,246,191,224,243,248,251,236,223,211,248,254,190,181,180,247,237,218,216,252,253,254,163,133,235,241,1
860,92,77,71,86,90,96,92,94,100,109,107,101,88,93,100,98,95,84,93,96,116,114,95,90,88,0
861,245,217,141,158,246,240,203,193,239,235,237,179,180,179,226,224,165,133,140,216,235,198,193,205,250,1
862,88,96,81,87,107,98,111,86,93,67,85,105,100,120,104,144,136,154,147,147,50,85,61,87,74,0
863,244,172,145,186,239,245,217,141,158,246,240,203,193,239,235,237,179,180,179,226,224,165,133,140,216,1
864,88,106,109,113,112,110,102,95,100,105,117,104,101,79,83,96,93,86,95,103,94,94,99,97,106,0
865,242,214,244,251,251,252,217,240,254,254,250,243,215,248,251,249,237,218,250,252,250,225,230,245,254,1
866,85,105,100,120,104,144,136,154,147,147,50,85,61,87,74,97,112,108,105,59,118,83,95,130,131,0
867,240,212,245,251,250,249,219,237,251,252,252,222,238,246,248,250,214,235,242,242,242,214,244,251,251,1
868,85,98,95,107,109,102,114,96,95,91,94,106,100,111,97,71,93,78,93,80,72,70,84,95,92,0
869,240,203,193,239,235,237,179,180,179,226,224,165,133,140,216,235,198,193,205,250,247,125,128,176,239,1
870,83,107,95,102,89,85,98,95,107,109,102,114,96,95,91,94,106,100,111,97,71,93,78,93,80,0
871,239,142,149,156,241,233,188,186,235,238,235,129,128,196,228,215,173,169,226,231,244,172,145,186,239,1
872,76,106,106,107,81,65,90,90,90,62,70,91,98,103,51,66,80,77,79,66,62,98,100,97,65,0
873,237,218,216,252,253,254,163,133,235,241,239,142,149,156,241,233,188,186,235,238,235,129,128,196,228,1
874,70,91,98,103,51,66,80,77,79,66,62,98,100,97,65,74,100,100,101,72,71,93,100,100,83,0
875,235,129,128,196,228,215,173,169,226,231,244,172,145,186,239,245,217,141,158,246,240,203,193,239,235,1
876,65,90,90,90,62,70,91,98,103,51,66,80,77,79,66,62,98,100,97,65,74,100,100,101,72,0
877,233,188,186,235,238,235,129,128,196,228,215,173,169,226,231,244,172,145,186,239,245,217,141,158,246,1
878,61,102,84,96,100,76,106,106,107,81,65,90,90,90,62,70,91,98,103,51,66,80,77,79,66,0
879,215,173,169,226,231,244,172,145,186,239,245,217,141,158,246,240,203,193,239,235,237,179,180,179,226,1
880,50,85,61,87,74,97,112,108,105,59,118,83,95,130,131,61,102,84,96,100,76,106,106,107,81,0
