,1,2,3,4,5,6,7,8,9,10,Species
1,254,244,248,254,254,254,232,206,213,254,1
2,227,230,239,252,247,245,244,251,252,253,0
3,254,232,206,213,254,254,254,196,253,254,1
4,245,244,251,252,253,248,244,253,253,251,0
5,254,228,209,254,254,254,231,254,254,254,1
6,248,244,253,253,251,247,247,252,252,251,0
7,254,231,254,254,254,254,244,253,254,254,1
8,247,247,252,252,251,231,232,252,244,244,0
9,254,244,253,254,254,254,254,170,235,254,1
10,231,232,252,244,244,235,235,247,249,250,0
11,254,254,170,235,254,254,245,247,253,254,1
12,235,235,247,249,250,238,240,250,250,250,0
13,254,245,247,253,254,254,214,234,254,254,1
14,238,240,250,250,250,242,244,250,249,247,0
15,254,214,234,254,254,254,254,171,254,254,1
16,242,244,250,249,247,244,245,250,248,245,0
17,254,254,171,254,254,254,244,244,252,254,1
18,244,245,250,248,245,242,242,242,251,251,0
19,254,244,244,252,254,254,253,239,239,254,1
20,242,242,242,251,251,248,248,240,240,249,0
21,254,253,239,239,254,254,243,240,248,254,1
22,248,248,240,240,249,243,243,250,251,250,0
23,254,243,240,248,254,254,215,222,254,254,1
24,243,243,250,251,250,250,245,244,245,249,0
25,254,215,222,254,254,254,254,242,242,254,1
26,250,245,244,245,249,245,246,251,251,253,0
27,254,254,242,242,254,254,230,246,246,254,1
28,245,246,251,251,253,251,253,254,252,252,0
29,254,230,246,246,254,254,202,222,222,254,1
30,251,253,254,252,252,250,250,251,251,251,0
31,251,222,240,251,251,250,251,225,223,249,1
32,123,94,94,125,125,137,147,102,92,92,0
33,250,251,225,223,249,252,235,215,246,246,1
34,137,147,102,92,92,136,93,93,93,93,0
35,252,235,215,246,246,247,209,242,249,249,1
36,136,93,93,93,93,97,93,93,94,94,0
37,247,209,242,249,249,249,226,220,250,249,1
38,97,93,93,94,94,93,93,93,95,139,0
39,249,226,220,250,249,240,212,245,251,250,1
40,93,93,93,95,139,93,92,94,94,100,0
41,240,212,245,251,250,249,219,237,251,252,1
42,93,92,94,94,100,94,94,97,99,137,0
43,249,219,237,251,252,252,222,238,246,248,1
44,94,94,97,99,137,99,98,98,98,99,0
45,252,222,238,246,248,250,214,235,242,242,1
46,99,98,98,98,99,120,98,98,97,97,0
47,250,214,235,242,242,242,214,244,251,251,1
48,120,98,98,97,97,97,99,98,143,143,0
49,242,214,244,251,251,252,217,240,254,254,1
50,97,99,98,143,143,133,98,98,98,98,0
51,252,217,240,254,254,250,243,215,248,251,1
52,133,98,98,98,98,98,139,98,98,145,0
53,250,243,215,248,251,249,237,218,250,252,1
54,98,139,98,98,145,153,98,98,102,138,0
55,249,237,218,250,252,250,225,230,245,254,1
56,153,98,98,102,138,101,101,101,99,114,0
57,250,225,230,245,254,254,254,217,253,253,1
58,101,101,101,99,114,134,120,102,155,155,0
59,254,254,217,253,253,253,253,223,241,252,1
60,134,120,102,155,155,127,104,99,102,158,0
61,253,253,223,241,252,249,230,225,245,245,1
62,127,104,99,102,158,137,92,92,97,97,0
63,249,230,225,245,245,254,235,220,248,248,1
64,137,92,92,97,97,92,92,92,92,92,0
65,254,235,220,248,248,248,229,226,250,250,1
66,92,92,92,92,92,92,92,92,92,92,0
67,254,254,207,216,254,254,254,212,207,254,1
68,254,254,254,253,254,251,251,251,252,252,0
69,254,254,212,207,254,254,254,215,254,254,1
70,251,251,251,252,252,250,249,250,252,250,0
71,254,232,243,242,254,254,239,238,238,253,1
72,217,217,219,220,220,219,221,221,222,221,0
73,254,239,238,238,253,249,243,233,239,254,1
74,219,221,221,222,221,222,223,223,230,228,0
75,249,243,233,239,254,254,240,200,246,252,1
76,222,223,223,230,228,223,223,223,227,227,0
77,254,240,200,246,252,254,238,204,234,242,1
78,223,223,223,227,227,227,226,228,228,229,0
79,254,238,204,234,242,247,224,214,254,254,1
80,227,226,228,228,229,231,230,230,230,230,0
81,254,253,235,253,254,254,231,219,232,254,1
82,248,248,250,250,249,249,249,251,254,252,0
83,254,231,219,232,254,254,254,215,209,254,1
84,249,249,251,254,252,253,250,251,241,249,0
85,254,254,215,209,254,254,244,227,246,254,1
86,253,250,251,241,249,252,252,251,246,252,0
87,254,244,227,246,254,254,233,186,218,254,1
88,252,252,251,246,252,251,254,250,251,254,0
89,254,233,186,218,254,254,182,193,215,254,1
90,251,254,250,251,254,251,249,254,253,252,0
91,135,83,62,95,157,177,160,105,154,172,1
92,254,254,254,253,254,254,254,254,254,254,0
93,177,160,105,154,172,186,149,165,175,191,1
94,254,254,254,254,254,254,254,254,254,254,0
95,186,149,165,175,191,191,155,148,159,159,1
96,254,254,254,254,254,254,254,254,254,254,0
97,191,155,148,159,159,213,183,181,206,206,1
98,254,254,254,254,254,254,254,254,254,254,0
99,213,183,181,206,206,194,128,154,169,187,1
100,254,254,254,254,254,254,254,254,254,254,0
101,194,128,154,169,187,195,173,160,157,173,1
102,254,254,254,254,254,254,254,254,254,254,0
103,195,173,160,157,173,186,133,160,159,186,1
104,254,254,254,254,254,254,254,254,254,254,0
105,186,133,160,159,186,192,171,168,176,205,1
106,254,254,254,254,254,254,251,249,254,254,0
107,192,171,168,176,205,207,166,170,167,186,1
108,254,251,249,254,254,254,254,254,254,254,0
109,207,166,170,167,186,187,166,156,168,181,1
110,254,254,254,254,254,254,254,254,254,254,0
111,187,166,156,168,177,178,158,147,152,180,1
112,254,254,254,254,254,254,254,254,254,254,0
113,178,158,147,152,180,185,155,160,161,172,1
114,254,254,254,254,254,254,254,254,254,254,0
115,185,155,160,161,172,192,159,153,158,174,1
116,254,254,254,254,254,254,254,254,254,254,0
117,192,159,153,158,174,186,160,157,160,170,1
118,254,254,254,254,254,254,254,254,254,254,0
119,186,160,157,160,170,179,152,152,154,185,1
120,254,254,254,254,254,254,254,254,254,254,0
121,250,196,150,160,254,253,176,159,175,221,1
122,254,254,252,254,254,254,254,254,254,254,0
123,253,176,159,175,221,207,148,139,170,204,1
124,254,254,254,254,254,254,243,253,254,254,0
125,207,148,139,170,204,253,216,199,217,230,1
126,254,243,253,254,254,254,247,254,254,254,0
127,253,216,199,217,230,173,133,120,139,181,1
128,254,247,254,254,254,254,254,254,254,254,0
129,173,133,120,139,181,167,143,128,145,249,1
130,254,254,254,254,254,254,253,253,254,254,0
131,167,143,128,145,249,187,146,167,169,204,1
132,254,253,253,254,254,254,254,254,254,254,0
133,187,146,167,169,204,168,130,125,130,168,1
134,254,254,254,254,254,254,254,254,254,255,0
135,168,130,125,130,168,150,126,128,169,169,1
136,254,254,254,254,255,254,253,253,254,254,0
137,150,126,128,169,169,204,212,179,186,190,1
138,254,253,253,254,254,254,254,254,254,254,0
139,204,212,179,186,190,159,136,126,129,147,1
140,254,254,254,254,254,254,254,254,254,254,0
141,159,136,126,129,147,180,144,150,175,175,1
142,254,254,254,254,254,255,254,254,254,254,0
143,180,144,150,175,175,150,138,135,142,142,1
144,255,254,254,254,254,254,254,254,254,254,0
145,150,138,135,142,142,163,143,138,156,156,1
146,254,254,254,254,254,254,254,254,254,254,0
147,163,143,138,156,156,149,117,121,180,180,1
148,254,254,254,254,254,254,254,254,254,254,0
149,149,117,121,180,180,142,118,112,125,171,1
150,254,254,254,254,254,254,254,254,254,254,0
151,142,118,112,125,171,156,118,118,155,155,1
152,254,254,254,254,254,254,254,254,254,254,0
153,156,118,118,155,155,142,107,107,112,164,1
154,254,254,254,254,254,254,254,254,254,254,0
155,142,107,107,112,164,171,144,138,142,182,1
156,254,254,254,254,254,254,254,254,254,254,0
157,224,200,144,136,225,237,224,134,145,234,1
158,230,230,233,232,232,231,231,231,234,233,0
159,237,224,134,145,234,251,158,145,186,250,1
160,231,231,231,234,233,234,234,235,235,234,0
161,251,158,145,186,250,245,192,141,137,230,1
162,234,234,235,235,234,233,233,235,234,234,0
163,245,192,141,137,230,243,181,142,145,230,1
164,233,233,235,234,234,232,234,233,233,234,0
165,243,181,142,145,230,219,125,123,175,218,1
166,232,234,233,233,234,233,233,233,234,233,0
167,219,125,123,175,218,230,181,121,141,186,1
168,233,233,233,234,233,235,235,235,235,235,0
169,230,181,121,141,186,245,136,143,147,206,1
170,235,235,235,235,235,235,235,235,237,234,0
171,245,136,143,147,206,233,140,136,136,215,1
172,235,235,235,237,234,233,233,234,235,236,0
173,233,140,136,136,215,219,113,118,144,184,1
174,233,233,234,235,236,231,231,233,233,235,0
175,219,113,118,144,184,241,138,136,139,222,1
176,231,231,233,233,235,236,230,232,232,238,0
177,241,138,136,139,222,189,122,122,131,171,1
178,236,230,232,232,238,249,226,231,233,236,0
179,189,122,122,131,171,246,187,163,175,211,1
180,249,226,231,233,236,232,233,234,234,234,0
181,246,187,163,175,211,227,177,142,175,226,1
182,232,233,234,234,234,234,233,233,235,238,0
183,227,177,142,175,226,176,157,103,108,218,1
184,234,233,233,235,238,236,235,234,232,232,0
185,176,157,103,108,218,211,147,114,183,183,1
186,236,235,234,232,232,239,230,232,237,237,0
187,211,147,114,183,183,211,120,110,116,167,1
188,239,230,232,237,237,234,234,234,234,233,0
189,211,120,110,116,167,177,145,110,140,196,1
190,234,234,234,234,233,235,233,235,234,234,0
191,177,145,110,140,196,163,124,109,99,148,1
192,235,233,235,234,234,235,232,233,233,233,0
193,163,124,109,99,148,143,93,99,122,149,1
194,235,232,233,233,233,246,230,237,230,247,0
195,143,93,99,122,149,140,105,97,93,127,1
196,246,230,237,230,247,238,231,232,233,243,0
197,250,226,236,242,249,250,235,241,246,254,1
198,244,171,197,200,218,231,205,209,213,225,0
199,250,235,241,246,254,252,247,234,251,254,1
200,231,205,209,213,225,218,205,183,212,231,0
201,252,247,234,251,254,254,249,226,242,254,1
202,218,205,183,212,231,233,209,174,211,223,0
203,254,249,226,242,254,252,230,229,233,254,1
204,233,209,174,211,223,218,201,128,202,242,0
205,252,230,229,233,254,253,235,242,251,254,1
206,218,201,128,202,242,239,196,226,242,253,0
207,253,235,242,251,254,254,248,212,238,253,1
208,239,196,226,242,253,254,237,196,231,245,0
209,254,248,212,238,253,250,231,237,238,246,1
210,254,237,196,231,245,240,177,189,186,208,0
211,250,231,237,238,246,254,223,224,240,252,1
212,240,177,189,186,208,200,192,201,215,223,0
213,254,223,224,240,252,254,227,228,254,254,1
214,200,192,201,215,223,215,207,212,224,224,0
215,157,84,72,83,136,157,119,106,115,156,1
216,254,254,254,254,254,254,254,254,254,254,0
217,157,119,106,115,156,155,123,124,127,148,1
218,254,254,254,254,254,254,254,254,254,254,0
219,155,123,124,127,148,152,130,120,120,153,1
220,254,254,254,254,254,254,254,254,254,254,0
221,152,130,120,120,153,143,107,126,117,126,1
222,254,254,254,254,254,254,254,254,254,254,0
223,143,107,126,117,126,133,79,82,76,101,1
224,254,254,254,254,254,254,254,254,254,254,0
225,133,79,82,76,101,113,84,66,78,85,1
226,254,254,254,254,254,254,254,254,254,254,0
227,113,84,66,78,85,112,84,95,91,98,1
228,254,254,254,254,254,254,254,254,254,254,0
229,112,84,95,91,98,145,132,124,120,144,1
230,254,254,254,254,254,254,254,254,254,254,0
231,145,132,124,120,144,155,133,133,138,157,1
232,254,254,254,254,254,254,254,254,254,254,0
233,155,133,133,138,157,164,149,141,140,155,1
234,254,254,254,254,254,254,254,254,254,254,0
235,164,149,141,140,155,170,159,143,152,159,1
236,254,254,254,254,254,254,254,254,254,254,0
237,170,159,143,152,159,147,147,139,138,162,1
238,254,254,254,254,254,254,254,254,254,254,0
239,147,147,139,138,162,159,143,141,137,149,1
240,254,254,254,254,254,254,254,254,254,254,0
241,159,143,141,137,149,164,142,144,146,154,1
242,254,254,254,254,254,254,254,254,254,254,0
243,164,142,144,146,154,156,139,143,145,151,1
244,254,254,254,254,254,254,254,254,254,254,0
245,156,139,143,145,151,164,140,138,127,149,1
246,254,254,254,254,254,254,254,254,254,254,0
247,164,140,138,127,149,168,150,141,141,166,1
248,254,254,254,254,254,254,254,254,254,254,0
249,168,150,141,141,166,168,138,130,138,146,1
250,254,254,254,254,254,254,254,254,254,254,0
251,168,138,130,138,146,169,136,143,141,163,1
252,254,254,254,254,254,254,254,254,254,254,0
253,169,136,143,141,163,157,144,136,143,154,1
254,254,254,254,254,254,254,254,254,254,254,0
255,157,144,136,143,154,166,133,130,140,149,1
256,254,254,254,254,254,254,254,254,254,254,0
257,166,133,130,140,149,185,157,153,144,151,1
258,254,254,254,254,254,254,254,254,254,254,0
259,242,197,208,221,220,178,156,152,157,177,1
260,253,254,253,253,253,254,254,254,254,254,0
261,178,156,152,157,177,200,152,160,169,183,1
262,254,254,254,254,254,254,254,254,254,254,0
263,200,152,160,169,183,194,160,158,163,182,1
264,254,254,254,254,254,254,254,254,254,254,0
265,194,160,158,163,182,168,159,163,166,177,1
266,254,254,254,254,254,254,254,254,254,254,0
267,168,159,163,166,177,199,170,169,184,188,1
268,254,254,254,254,254,254,253,253,254,254,0
269,199,170,169,184,188,178,164,173,169,183,1
270,254,253,253,254,254,254,254,252,253,254,0
271,178,164,173,169,183,178,164,170,182,189,1
272,254,254,252,253,254,253,254,254,254,254,0
273,178,164,170,182,189,201,172,167,180,234,1
274,253,254,254,254,254,254,252,254,254,254,0
275,201,172,167,180,234,247,220,193,207,212,1
276,254,252,254,254,254,254,254,252,250,251,0
277,247,220,193,207,212,220,181,163,157,161,1
278,254,254,252,250,251,250,251,252,254,254,0
279,220,181,163,157,161,187,158,161,157,183,1
280,250,251,252,254,254,254,254,254,254,254,0
281,187,158,161,157,183,170,171,168,164,184,1
282,254,254,254,254,254,254,254,254,254,254,0
283,170,171,168,164,184,150,125,125,121,135,1
284,254,254,254,254,254,254,254,254,254,254,0
285,150,125,125,121,135,134,98,111,121,131,1
286,254,254,254,254,254,254,254,254,254,254,0
287,134,98,111,121,131,178,189,200,187,179,1
288,254,254,254,254,254,254,254,254,254,254,0
289,178,189,200,187,179,164,142,122,141,152,1
290,254,254,254,254,254,254,254,254,254,254,0
291,164,142,122,141,152,143,121,130,133,146,1
292,254,254,254,254,254,254,253,254,254,254,0
293,143,121,130,133,146,137,40,61,66,133,1
294,254,253,254,254,254,254,254,254,254,254,0
295,137,40,61,66,133,144,107,58,82,136,1
296,254,254,254,254,254,254,254,254,254,254,0
297,144,107,58,82,136,162,141,140,141,167,1
298,254,254,254,254,254,254,254,254,254,254,0
299,162,141,140,141,167,169,143,142,147,170,1
300,254,254,254,254,254,254,254,254,254,254,0
301,169,143,142,147,170,180,155,146,144,173,1
302,254,254,254,254,254,254,254,254,254,254,0
303,180,155,146,144,173,175,152,147,145,166,1
304,254,254,254,254,254,254,254,254,254,254,0
305,175,152,147,145,166,162,155,148,147,171,1
306,254,254,254,254,254,254,254,254,254,254,0
307,247,190,174,183,250,252,195,190,245,254,1
308,227,227,231,231,230,230,231,234,235,235,0
309,252,195,190,245,254,247,231,232,246,247,1
310,230,231,234,235,235,230,230,232,234,228,0
311,247,231,232,246,247,250,234,226,221,247,1
312,230,230,232,234,228,229,229,236,232,230,0
313,250,234,226,221,247,246,191,224,243,248,1
314,229,229,236,232,230,230,228,233,232,229,0
315,246,191,224,243,248,251,236,223,211,248,1
316,230,228,233,232,229,228,228,230,231,231,0
317,251,236,223,211,248,254,190,181,180,247,1
318,228,228,230,231,231,232,228,230,230,230,0
319,254,190,181,180,247,237,218,216,252,253,1
320,232,228,230,230,230,231,233,235,236,241,0
321,237,218,216,252,253,254,163,133,235,241,1
322,231,233,235,236,241,233,233,234,234,234,0
323,254,163,133,235,241,239,142,149,156,241,1
324,233,233,234,234,234,231,232,232,233,233,0
325,239,142,149,156,241,233,188,186,235,238,1
326,231,232,232,233,233,232,234,236,239,234,0
327,233,188,186,235,238,235,129,128,196,228,1
328,232,234,236,239,234,231,234,234,234,234,0
329,235,129,128,196,228,215,173,169,226,231,1
330,231,234,234,234,234,232,232,229,229,234,0
331,215,173,169,226,231,244,172,145,186,239,1
332,232,232,229,229,234,251,234,235,233,234,0
333,244,172,145,186,239,245,217,141,158,246,1
334,251,234,235,233,234,232,232,233,232,232,0
335,245,217,141,158,246,240,203,193,239,235,1
336,232,232,233,232,232,231,231,237,233,234,0
337,240,203,193,239,235,237,179,180,179,226,1
338,231,231,237,233,234,231,230,230,230,230,0
339,237,179,180,179,226,224,165,133,140,216,1
340,231,230,230,230,230,232,232,232,232,233,0
341,224,165,133,140,216,235,198,193,205,250,1
342,232,232,232,232,233,234,231,231,231,232,0
343,235,198,193,205,250,247,125,128,176,239,1
344,234,231,231,231,232,233,233,233,234,235,0
345,254,250,251,253,254,252,237,254,252,253,1
346,150,153,152,151,151,149,149,149,149,149,0
347,252,237,254,252,253,254,235,251,250,252,1
348,149,149,149,149,149,148,148,154,165,234,0
349,254,235,251,250,252,254,241,253,253,254,1
350,148,148,154,165,234,238,171,166,168,229,0
351,254,241,253,253,254,254,235,250,253,254,1
352,238,171,166,168,229,229,165,165,206,219,0
353,254,235,250,253,254,254,250,251,253,253,1
354,229,165,165,206,219,228,159,165,206,221,0
355,254,250,251,253,253,254,254,252,251,254,1
356,228,159,165,206,221,236,187,169,165,232,0
357,254,254,252,251,254,254,248,250,251,254,1
358,236,187,169,165,232,219,147,147,147,247,0
359,254,248,250,251,254,251,244,248,250,254,1
360,219,147,147,147,247,150,153,152,152,161,0
361,251,244,248,250,254,252,241,254,251,254,1
362,150,153,152,152,161,152,152,152,152,152,0
363,252,241,254,251,254,252,250,249,254,254,1
364,152,152,152,152,152,156,151,159,155,158,0
365,252,250,249,254,254,254,235,250,254,254,1
366,156,151,159,155,158,156,156,154,154,154,0
367,254,235,250,254,254,254,238,244,250,254,1
368,156,156,154,154,154,154,154,157,161,155,0
369,254,238,244,250,254,254,234,250,251,254,1
370,154,154,157,161,155,155,154,157,157,148,0
371,254,234,250,251,254,252,248,249,253,254,1
372,155,154,157,157,148,146,146,146,146,146,0
373,252,248,249,253,254,254,232,250,253,252,1
374,146,146,146,146,146,145,145,145,148,148,0
375,254,232,250,253,252,251,227,250,250,254,1
376,145,145,145,148,148,148,149,161,157,152,0
377,251,227,250,250,254,254,227,245,252,251,1
378,148,149,161,157,152,145,145,143,148,148,0
379,254,227,245,252,251,251,229,251,252,253,1
380,145,145,143,148,148,148,146,144,143,143,0
381,251,229,251,252,253,251,230,247,246,254,1
382,148,146,144,143,143,152,148,164,160,154,0
383,251,230,247,246,254,249,228,238,253,253,1
384,152,148,164,160,154,144,147,147,147,147,0
385,249,228,238,253,253,248,244,250,250,253,1
386,144,147,147,147,147,148,149,149,149,149,0
387,248,244,250,250,253,249,247,249,245,254,1
388,148,149,149,149,149,148,162,160,158,150,0
389,249,247,249,245,254,253,244,229,246,251,1
390,148,162,160,158,150,152,152,152,152,152,0
391,253,244,229,246,251,247,227,240,247,254,1
392,152,152,152,152,152,148,144,144,144,144,0
393,247,227,240,247,254,252,243,244,242,254,1
394,148,144,144,144,144,150,155,152,152,154,0
395,252,243,244,242,254,250,219,236,251,245,1
396,150,155,152,152,154,151,144,144,148,145,0
397,250,219,236,251,245,253,246,220,246,253,1
398,151,144,144,148,145,151,151,151,151,149,0
399,253,246,220,246,253,249,229,242,243,249,1
400,151,151,151,151,149,180,143,148,148,147,0
401,249,229,242,243,249,249,227,246,249,248,1
402,180,143,148,148,147,150,146,146,146,148,0
403,249,227,246,249,248,254,230,245,252,254,1
404,150,146,146,146,148,237,198,200,225,233,0
405,254,230,245,252,254,254,227,234,249,253,1
406,237,198,200,225,233,233,163,195,214,220,0
407,254,227,234,249,253,251,232,232,246,248,1
408,233,163,195,214,220,214,199,192,211,230,0
409,251,232,232,246,248,254,225,236,240,254,1
410,214,199,192,211,230,227,186,191,196,221,0
411,254,225,236,240,254,254,239,237,249,253,1
412,227,186,191,196,221,212,201,208,193,213,0
413,254,239,237,249,253,253,242,236,254,252,1
414,212,201,208,193,213,213,180,178,239,237,0
415,253,242,236,254,252,253,227,237,240,253,1
416,213,180,178,239,237,236,175,161,167,197,0
417,253,227,237,240,253,253,248,228,242,252,1
418,236,175,161,167,197,197,198,163,167,228,0
419,253,248,228,242,252,251,230,213,228,249,1
420,197,198,163,167,228,249,196,172,165,203,0
421,257,246,243,258,250,257,229,206,210,253,1
422,223,228,235,251,244,247,243,253,251,256,0
423,251,244,241,255,251,251,230,208,212,255,1
424,231,227,241,253,248,244,244,245,251,255,0
425,252,240,246,253,256,252,229,201,215,256,1
426,226,231,240,251,247,248,240,249,253,255,0
427,254,243,251,253,259,255,234,207,211,255,1
428,229,232,233,250,247,244,245,248,250,254,0
429,256,230,209,208,253,256,255,197,252,258,1
430,239,244,249,249,254,249,245,252,254,252,0
431,256,227,209,212,251,251,255,196,251,254,1
432,247,247,248,253,256,249,241,249,251,251,0
433,255,232,202,216,255,251,252,196,250,253,1
434,239,244,250,253,254,249,244,256,255,254,0
435,254,232,204,215,253,253,256,196,256,256,1
436,247,248,251,254,253,247,242,253,254,248,0
437,259,233,207,253,251,251,236,257,246,255,1
438,249,246,255,253,251,248,251,257,254,249,0
439,255,232,211,259,257,259,232,257,257,254,1
440,255,240,256,258,251,244,243,256,249,252,0
441,253,227,207,249,260,252,234,253,257,256,1
442,252,246,254,254,251,250,247,248,251,253,0
443,256,229,213,257,261,254,228,255,257,255,1
444,248,248,251,255,252,248,243,252,251,244,0
445,256,233,255,255,253,255,246,252,254,255,1
446,248,243,250,252,251,235,231,252,244,246,0
447,252,229,253,251,257,253,243,251,254,254,1
448,246,244,249,249,249,230,229,252,246,242,0
449,253,230,254,254,255,252,242,254,253,254,1
450,248,244,249,249,246,231,233,252,243,248,0
451,254,237,254,257,253,255,242,253,253,260,1
452,251,249,253,251,253,228,236,252,241,242,0
453,254,237,254,255,254,251,253,171,230,256,1
454,229,235,250,243,242,236,237,249,249,246,0
455,255,244,252,250,253,254,254,168,240,256,1
456,230,235,249,241,246,235,235,252,251,251,0
457,259,245,254,256,253,257,257,172,239,251,1
458,229,235,252,242,243,235,236,247,249,253,0
459,254,244,251,251,258,251,253,166,232,255,1
460,232,230,254,244,241,231,236,245,254,251,0
461,255,255,170,234,257,252,246,243,252,253,1
462,234,238,246,247,255,239,241,251,246,250,0
463,254,252,165,234,254,256,244,247,252,253,1
464,234,237,250,249,250,242,239,247,246,250,0
465,255,258,171,236,254,251,248,247,253,253,1
466,233,238,243,251,246,238,243,247,250,249,0
467,255,255,174,240,255,255,252,249,254,256,1
468,236,235,244,248,248,236,242,251,249,248,0
469,255,239,246,250,253,253,213,232,257,255,1
470,238,238,252,251,250,239,241,252,249,249,0
471,261,243,246,254,256,255,212,229,252,253,1
472,233,243,254,247,249,242,242,247,250,245,0
473,253,245,247,255,256,253,218,230,254,252,1
474,233,240,249,251,251,240,245,247,253,247,0
475,251,248,249,251,253,252,213,233,253,252,1
476,238,241,252,251,250,237,248,253,246,246,0
477,251,217,233,254,258,256,256,171,253,251,1
478,241,247,248,251,246,241,244,248,250,247,0
479,259,214,231,255,258,257,259,170,252,255,1
480,246,241,249,248,247,245,244,245,253,245,0
481,251,218,225,255,253,255,256,171,256,257,1
482,242,245,250,250,246,245,246,248,246,247,0
483,255,213,239,250,256,256,254,170,249,255,1
484,245,241,248,248,248,239,248,248,245,246,0
485,253,248,172,255,254,251,243,244,253,250,1
486,244,249,250,249,241,247,243,244,251,249,0
487,254,254,172,252,253,249,246,245,252,254,1
488,241,246,249,251,241,244,245,246,255,254,0
489,254,253,171,256,256,254,241,243,257,254,1
490,242,243,248,250,243,246,240,246,254,250,0
491,253,250,170,249,253,248,244,243,251,254,1
492,243,244,251,248,246,243,245,242,253,249,0
493,253,245,246,250,252,255,252,234,235,254,1
494,244,245,240,248,252,251,245,235,241,251,0
495,257,244,250,254,253,251,251,237,236,255,1
496,241,244,242,251,253,248,250,240,237,253,0
497,254,243,244,248,255,261,255,236,237,254,1
498,246,240,243,250,252,248,250,236,242,249,0
499,255,246,241,248,252,251,255,239,239,260,1
500,245,246,241,248,256,246,248,242,239,246,0
501,253,253,240,241,256,254,243,240,247,252,1
502,246,248,238,242,248,239,243,251,248,251,0
503,254,251,234,238,248,256,244,238,250,259,1
504,248,252,237,244,244,248,247,250,256,250,0
505,257,254,240,241,254,255,247,234,250,253,1
506,247,247,238,241,251,239,245,250,248,251,0
507,257,256,238,242,253,258,238,237,246,252,1
508,243,249,243,241,248,241,245,247,250,251,0
509,252,242,241,248,253,256,214,225,253,251,1
510,239,245,249,252,254,252,247,247,248,248,0
511,252,247,235,245,253,254,219,222,255,257,1
512,242,247,253,251,251,250,251,242,244,249,0
513,254,239,232,247,259,255,211,221,256,257,1
514,243,240,248,250,251,250,244,241,243,252,0
515,257,246,237,245,252,251,215,224,254,259,1
516,245,243,248,254,247,251,244,246,244,253,0
517,252,214,219,250,255,257,255,238,240,255,1
518,255,247,246,246,251,245,248,250,251,257,0
519,257,213,222,250,253,252,256,239,239,254,1
520,251,246,241,247,251,239,248,251,249,251,0
521,253,212,225,258,252,253,253,246,243,259,1
522,247,251,242,243,246,241,245,252,249,255,0
523,254,215,217,252,257,255,253,243,241,256,1
524,249,249,245,239,249,242,250,255,256,249,0
525,255,252,242,243,254,254,225,245,246,252,1
526,251,246,249,252,255,251,252,253,253,251,0
527,254,252,241,242,250,250,229,244,246,258,1
528,244,247,249,250,252,251,248,254,250,248,0
529,249,254,244,246,253,250,234,247,246,254,1
530,248,247,246,250,253,250,252,256,255,251,0
531,253,254,241,241,250,250,228,246,248,254,1
532,243,247,248,253,252,254,250,250,250,251,0
533,254,230,248,248,255,253,205,223,223,251,1
534,251,251,252,254,249,251,256,252,252,249,0
535,252,232,243,243,253,256,205,221,229,250,1
536,249,251,247,252,251,247,252,251,255,249,0
537,254,222,246,247,252,255,200,223,222,252,1
538,247,248,255,251,252,255,249,251,250,244,0
539,248,232,243,248,257,256,200,219,223,257,1
540,252,251,254,253,249,249,249,253,253,253,0
541,252,222,243,248,251,248,251,223,224,248,1
542,122,96,95,123,122,139,146,101,92,94,0
543,250,222,238,250,248,251,251,224,222,247,1
544,121,94,95,126,125,136,148,101,91,92,0
545,252,222,244,250,252,250,250,226,219,252,1
546,124,95,95,124,127,137,150,99,91,92,0
547,247,221,243,246,253,252,255,226,223,246,1
548,122,92,93,125,126,137,146,100,89,93,0
549,249,251,225,222,250,251,234,216,246,240,1
550,137,149,101,92,93,136,92,93,93,94,0
551,249,253,222,222,252,247,239,214,247,248,1
552,137,147,103,93,93,137,93,93,92,92,0
553,250,250,229,223,249,254,228,213,237,242,1
554,136,148,102,92,91,137,94,93,94,92,0
555,246,255,224,228,250,251,232,215,245,247,1
556,138,146,102,92,93,134,92,93,93,91,0
557,255,235,214,250,249,245,208,244,251,248,1
558,136,93,94,94,93,99,92,90,95,94,0
559,255,234,216,245,247,246,208,244,248,253,1
560,137,92,93,93,92,99,92,93,94,96,0
561,253,237,216,248,245,248,207,246,243,249,1
562,135,94,93,93,93,97,93,92,95,95,0
563,255,232,212,239,243,247,210,245,250,253,1
564,136,93,93,92,92,97,92,95,94,96,0
565,248,216,241,245,250,249,224,221,248,247,1
566,98,92,95,93,93,93,94,94,95,138,0
567,246,211,243,247,252,251,225,219,252,251,1
568,99,93,94,96,94,94,94,93,95,140,0
569,243,210,240,246,246,254,226,219,251,246,1
570,96,94,93,94,95,92,93,93,95,138,0
571,249,208,240,249,251,253,226,221,252,249,1
572,97,92,95,96,94,92,94,94,95,139,0
573,246,229,220,250,248,244,213,247,250,243,1
574,93,95,93,94,139,94,93,94,94,99,0
575,249,228,217,251,247,242,212,246,248,252,1
576,93,94,94,95,140,93,93,93,95,99,0
577,249,223,214,248,248,242,216,246,253,247,1
578,93,92,93,95,139,92,91,94,95,99,0
579,246,224,224,251,247,240,207,249,251,247,1
580,92,93,92,97,140,93,91,93,94,99,0
581,240,215,239,254,247,249,222,238,248,253,1
582,93,92,94,94,98,94,93,97,99,138,0
583,238,212,242,245,251,250,217,232,249,251,1
584,93,92,92,93,100,93,94,96,100,136,0
585,238,208,245,249,250,248,218,239,250,249,1
586,92,92,94,96,100,93,95,99,99,138,0
587,240,213,248,249,251,251,218,238,253,250,1
588,93,92,96,94,100,94,93,99,99,137,0
589,249,220,236,247,250,255,221,239,249,248,1
590,94,95,95,100,135,100,100,98,97,99,0
591,247,218,238,249,254,253,222,239,244,249,1
592,94,94,100,97,138,100,98,97,99,100,0
593,252,214,237,254,247,250,220,240,253,251,1
594,95,93,97,99,140,99,101,98,100,98,0
595,250,218,235,250,253,256,221,233,246,249,1
596,95,94,97,97,138,98,98,98,98,100,0
597,247,224,234,245,249,253,213,236,243,244,1
598,100,97,97,98,101,121,98,96,98,98,0
599,247,227,237,245,243,249,216,240,245,239,1
600,98,98,98,100,100,121,99,98,97,96,0
601,254,222,241,246,245,252,214,234,239,241,1
602,97,97,98,100,99,120,97,97,97,96,0
603,252,224,238,243,249,251,217,239,240,245,1
604,100,99,98,99,101,121,96,97,98,97,0
605,248,215,234,235,242,238,214,246,251,255,1
606,118,101,97,96,97,95,99,98,142,143,0
607,250,220,229,240,238,242,212,243,254,251,1
608,121,99,97,98,97,97,97,101,144,142,0
609,249,211,234,241,239,239,215,246,253,248,1
610,121,98,97,98,98,95,100,99,143,145,0
611,246,217,235,244,241,245,212,244,252,252,1
612,119,98,98,96,96,96,100,98,144,143,0
613,240,214,245,253,253,251,220,241,255,255,1
614,98,99,97,143,141,133,100,100,99,98,0
615,241,213,244,251,250,247,221,242,255,256,1
616,99,98,97,140,142,134,98,98,98,99,0
617,239,210,244,247,249,252,219,243,256,256,1
618,97,99,96,143,143,134,98,99,99,97,0
619,243,212,244,249,250,252,214,239,253,256,1
620,96,99,98,143,142,134,99,98,98,97,0
621,257,214,244,255,253,250,244,212,249,244,1
622,132,100,97,99,97,98,139,99,97,145,0
623,250,221,239,256,253,248,242,211,252,250,1
624,134,96,98,94,97,98,139,100,98,144,0
625,250,216,237,255,257,254,240,217,250,252,1
626,131,97,98,98,100,98,137,101,98,146,0
627,253,215,239,250,254,250,248,217,246,249,1
628,133,97,98,100,96,96,137,98,100,146,0
629,250,248,213,250,252,252,234,220,256,250,1
630,98,140,97,97,144,151,98,98,101,138,0
631,249,242,215,249,247,249,235,217,246,250,1
632,97,140,98,97,144,153,100,98,102,138,0
633,247,244,222,245,253,249,237,217,251,248,1
634,96,142,98,97,146,153,100,99,102,139,0
635,247,244,215,246,254,251,233,218,249,255,1
636,100,139,97,98,143,153,99,97,103,138,0
637,243,237,218,249,253,252,223,227,241,252,1
638,152,96,100,101,139,100,102,99,98,116,0
639,243,231,216,249,250,250,227,226,244,255,1
640,153,100,97,102,138,102,101,101,100,114,0
641,250,235,217,248,252,253,227,229,245,255,1
642,154,98,98,100,139,100,103,101,100,115,0
643,251,240,218,249,250,249,225,228,244,255,1
644,153,97,100,102,138,101,102,101,100,113,0
645,246,220,230,244,253,253,253,217,254,253,1
646,102,102,103,97,114,136,118,102,154,155,0
647,254,225,233,246,255,254,256,217,251,250,1
648,100,103,101,99,114,134,121,102,154,153,0
649,249,226,234,241,256,253,254,215,251,252,1
650,103,100,102,99,114,134,121,101,156,156,0
651,247,227,230,246,252,256,255,216,248,251,1
652,101,102,99,98,114,134,118,104,155,153,0
653,248,250,215,251,252,256,253,223,244,252,1
654,136,121,101,154,152,128,104,99,100,155,0
655,251,255,213,255,253,252,256,223,244,250,1
656,135,121,103,154,156,127,104,98,101,160,0
657,259,253,211,255,251,250,255,226,237,258,1
658,131,122,101,155,155,127,104,99,103,157,0
659,255,257,218,256,256,251,249,223,235,252,1
660,132,122,104,158,155,124,106,98,103,158,0
661,252,253,219,244,255,247,233,225,245,248,1
662,127,105,100,103,157,136,92,92,97,95,0
663,251,256,221,243,258,245,229,227,249,245,1
664,124,103,99,101,157,139,91,91,98,99,0
665,250,253,224,241,251,249,230,229,245,246,1
666,130,104,101,102,159,137,93,92,99,100,0
667,251,256,221,238,250,257,231,222,248,245,1
668,130,102,101,101,158,138,93,91,98,98,0
669,252,228,225,245,246,254,234,220,244,251,1
670,135,94,91,96,97,93,92,92,92,91,0
671,247,229,225,247,247,256,235,221,252,253,1
672,138,93,92,96,95,92,93,91,94,92,0
673,252,228,225,244,249,259,231,218,248,249,1
674,136,91,93,97,97,93,93,90,94,92,0
675,250,232,226,247,241,255,239,218,248,246,1
676,135,93,90,96,99,93,94,94,93,91,0
677,255,233,219,250,249,246,230,227,249,250,1
678,92,91,92,93,93,91,92,92,91,93,0
679,253,240,218,248,250,249,226,227,247,249,1
680,92,93,93,92,93,94,92,91,92,92,0
681,255,236,222,250,248,248,228,225,248,249,1
682,91,93,91,93,92,91,94,92,92,93,0
683,257,235,222,250,248,249,233,231,253,256,1
684,92,91,91,92,91,91,91,91,92,92,0
685,256,256,206,216,252,256,249,209,204,251,1
686,255,256,252,248,258,250,252,257,249,252,0
687,253,255,211,218,252,251,254,212,206,252,1
688,250,251,253,256,248,252,246,249,253,254,0
689,255,256,207,214,253,258,256,212,211,254,1
690,257,254,253,254,252,253,252,251,249,250,0
691,251,253,209,215,253,251,253,215,206,253,1
692,254,250,248,249,255,251,253,253,250,251,0
693,252,254,210,210,253,254,255,211,251,255,1
694,254,250,249,252,252,248,250,254,252,255,0
695,256,260,214,207,251,255,251,217,254,253,1
696,252,249,251,255,255,248,249,251,253,254,0
697,259,254,209,204,254,250,254,217,257,252,1
698,249,251,252,253,252,253,248,247,254,247,0
699,253,257,212,204,251,257,252,213,257,255,1
700,252,252,245,251,249,252,250,248,247,253,0
701,256,230,246,243,257,257,240,239,236,254,1
702,216,215,218,220,222,221,217,219,224,221,0
703,257,229,243,240,249,255,239,240,240,251,1
704,213,216,217,219,218,220,222,218,222,221,0
705,254,231,245,244,259,260,236,238,235,249,1
706,217,210,219,222,225,215,224,223,223,222,0
707,255,238,244,241,253,256,243,236,241,258,1
708,220,214,222,221,220,222,224,223,225,221,0
709,254,239,234,238,257,250,243,234,239,253,1
710,216,222,222,222,216,223,226,223,231,231,0
711,254,241,238,238,252,250,245,236,237,255,1
712,221,224,220,221,224,222,224,222,230,228,0
713,256,235,236,240,252,251,239,232,232,250,1
714,220,221,221,218,224,226,223,221,232,225,0
715,252,236,237,241,254,247,242,232,239,256,1
716,219,218,220,222,223,224,221,225,230,229,0
717,249,241,234,239,258,256,240,199,246,251,1
718,220,224,225,226,226,222,222,223,228,228,0
719,250,245,231,238,252,254,240,200,244,248,1
720,223,225,227,226,226,226,224,219,229,223,0
721,247,241,234,239,250,256,239,199,245,248,1
722,224,222,222,230,231,223,225,223,230,229,0
723,250,237,233,239,254,255,243,199,242,249,1
724,221,224,222,232,226,224,224,225,228,227,0
725,251,244,199,249,254,252,241,203,236,239,1
726,223,227,226,226,229,227,222,226,230,227,0
727,254,238,199,247,253,254,243,206,235,242,1
728,222,225,220,228,228,230,227,232,225,228,0
729,254,244,200,247,251,256,243,208,231,245,1
730,221,222,224,228,229,226,226,226,227,227,0
731,250,239,204,244,255,252,232,204,234,243,1
732,226,224,224,223,224,228,231,226,225,232,0
733,255,242,203,231,241,244,228,213,251,255,1
734,226,223,228,228,226,230,230,231,230,235,0
735,254,236,203,232,240,248,225,218,252,252,1
736,228,226,231,227,232,229,232,232,232,226,0
737,252,234,206,232,241,248,222,216,252,257,1
738,231,227,233,228,233,231,230,231,230,229,0
739,251,238,205,234,245,251,228,214,255,254,1
740,225,225,226,231,231,232,229,232,229,229,0
741,256,254,230,253,249,257,232,224,233,251,1
742,247,247,248,252,246,250,248,249,253,250,0
743,252,253,238,256,252,252,234,222,230,257,1
744,248,245,247,254,248,246,253,252,256,251,0
745,253,249,233,253,255,255,232,218,234,257,1
746,249,254,251,251,249,252,248,254,253,249,0
747,254,256,233,255,253,257,225,217,233,256,1
748,251,245,250,253,250,245,249,255,255,248,0
749,254,231,214,233,254,255,254,212,206,253,1
750,248,246,253,254,250,250,251,252,245,248,0
751,254,231,221,235,255,255,254,215,209,254,1
752,248,247,252,256,251,254,249,248,242,251,0
753,257,229,217,233,253,254,254,212,210,256,1
754,247,245,252,256,259,254,246,249,239,248,0
755,253,230,218,233,257,255,252,210,208,252,1
756,250,250,256,253,252,253,251,248,241,244,0
757,253,257,215,213,255,252,246,227,244,253,1
758,257,256,249,242,248,253,251,250,244,254,0
759,253,254,210,212,254,254,246,227,248,255,1
760,252,249,253,238,245,254,255,254,244,252,0
761,255,254,213,210,255,256,242,231,246,253,1
762,253,251,252,235,246,253,250,248,244,255,0
763,251,252,212,209,256,254,242,228,246,252,1
764,253,250,256,241,248,250,250,252,246,252,0
765,254,245,231,244,257,252,234,185,216,253,1
766,251,252,250,248,251,250,254,248,251,258,0
767,256,241,227,243,252,254,238,187,222,250,1
768,249,254,249,245,251,249,252,250,253,253,0
769,252,245,227,250,254,258,233,186,214,250,1
770,251,255,253,250,253,250,258,254,251,253,0
771,251,248,229,245,253,257,229,187,220,255,1
772,257,249,257,244,257,249,253,249,248,252,0
773,254,234,186,216,254,253,179,192,213,250,1
774,249,254,251,250,254,252,253,255,255,254,0
775,255,234,185,219,256,253,184,192,217,259,1
776,248,254,252,254,258,248,250,254,248,257,0
777,255,232,188,217,251,252,184,190,214,259,1
778,252,253,250,253,248,252,250,255,250,250,0
779,257,234,180,219,253,253,180,192,216,254,1
780,252,248,249,251,253,251,251,251,253,251,0
781,133,84,63,96,157,177,160,105,156,170,1
782,259,254,257,255,253,251,255,249,253,254,0
783,135,85,64,94,156,177,160,104,153,174,1
784,254,255,255,254,256,249,256,253,253,252,0
785,136,81,63,94,158,177,157,105,154,170,1
786,253,252,253,254,254,253,258,255,256,257,0
787,135,85,61,96,156,176,160,103,154,172,1
788,256,254,256,252,257,255,254,254,256,258,0
789,176,161,107,154,172,185,151,167,174,190,1
790,254,251,256,252,253,253,256,257,255,256,0
791,179,159,104,154,174,188,150,166,175,191,1
792,250,254,258,255,251,254,252,253,256,252,0
793,179,159,103,154,172,186,150,163,177,190,1
794,254,257,255,252,258,256,254,258,254,254,0
795,176,162,104,153,171,190,148,163,173,193,1
796,255,257,257,263,251,255,252,257,253,252,0
797,185,150,166,175,191,191,154,150,161,158,1
798,257,257,257,255,256,254,254,251,252,257,0
799,186,145,167,176,191,192,154,148,157,162,1
800,254,254,252,254,251,252,255,254,252,253,0
801,185,150,165,173,189,192,157,146,158,160,1
802,260,255,255,255,257,258,250,250,255,258,0
803,190,151,163,174,190,190,156,148,160,160,1
804,252,255,254,253,255,249,253,253,256,254,0
805,190,153,146,155,159,212,184,177,205,203,1
806,254,258,255,254,255,252,252,255,254,252,0
807,190,155,148,161,160,217,186,180,203,206,1
808,257,256,256,253,255,252,255,255,253,251,0
809,192,156,146,158,158,213,184,182,206,206,1
810,256,253,250,254,254,254,253,254,253,257,0
811,191,154,149,159,155,215,188,180,207,207,1
812,254,259,257,255,255,251,252,257,254,255,0
813,211,184,184,203,206,194,125,153,169,190,1
814,253,254,249,253,254,255,249,261,253,251,0
815,213,180,181,209,203,195,127,151,173,187,1
816,256,257,258,254,247,254,253,254,251,255,0
817,213,181,182,203,205,192,127,153,166,189,1
818,249,255,250,249,248,252,252,256,255,254,0
819,216,183,179,204,205,197,128,154,169,189,1
820,259,255,252,259,255,257,256,254,253,254,0
821,192,129,154,167,187,193,171,158,158,175,1
822,254,252,254,252,250,257,255,252,255,255,0
823,192,128,151,167,185,193,173,159,157,172,1
824,255,256,251,252,253,254,254,257,256,257,0
825,194,130,153,170,188,194,176,158,155,175,1
826,254,254,258,257,255,252,253,256,254,252,0
827,197,127,156,170,187,193,172,160,154,173,1
828,253,252,252,254,253,252,250,254,259,256,0
829,197,172,160,157,173,186,132,162,159,187,1
830,252,252,259,249,258,251,252,254,251,257,0
831,196,171,161,158,174,186,132,160,155,186,1
832,253,254,255,254,258,252,252,256,251,253,0
833,197,174,159,157,170,185,129,160,158,186,1
834,248,258,253,252,253,251,256,257,251,257,0
835,193,171,159,157,171,183,133,160,157,185,1
836,259,252,252,253,253,258,247,251,253,260,0
837,188,131,161,160,184,192,171,169,177,207,1
838,253,256,253,252,251,257,254,249,252,252,0
839,187,132,159,159,187,189,172,169,176,202,1
840,250,254,255,258,252,255,249,244,254,254,0
841,190,136,161,162,185,193,170,169,178,205,1
842,259,258,259,253,254,252,253,249,257,252,0
843,186,130,159,158,187,193,171,170,180,203,1
844,255,250,254,257,256,251,251,247,254,253,0
845,196,171,168,175,206,207,168,166,168,183,1
846,255,252,256,259,258,255,254,252,256,253,0
847,193,168,166,175,202,207,162,170,167,190,1
848,258,257,249,253,252,254,255,251,253,254,0
849,190,169,168,177,206,206,168,172,166,188,1
850,250,252,242,251,253,254,255,257,254,254,0
851,190,171,168,178,207,206,168,171,165,185,1
852,254,249,245,251,252,256,253,252,257,253,0
853,207,165,167,171,184,187,168,155,166,179,1
854,255,254,252,252,256,253,252,255,247,254,0
855,205,167,171,169,185,187,165,156,166,180,1
856,255,254,252,252,254,254,252,251,253,255,0
857,208,163,173,168,186,189,163,156,169,182,1
858,254,253,252,258,254,259,253,253,254,253,0
859,207,167,170,167,187,184,168,155,169,181,1
860,252,251,254,257,253,256,255,256,255,255,0
861,186,169,156,169,176,177,155,145,151,180,1
862,251,256,254,259,250,261,252,253,254,260,0
863,189,166,159,169,178,178,163,148,151,179,1
864,251,259,254,256,251,255,254,251,253,259,0
865,185,169,157,167,178,178,157,146,153,180,1
866,255,252,257,251,252,251,257,255,253,255,0
867,185,166,156,167,177,179,158,145,155,181,1
868,255,253,255,251,257,256,251,257,250,252,0
869,177,158,147,154,182,185,155,162,162,171,1
870,253,258,256,255,253,252,259,257,251,252,0
871,175,157,148,151,180,184,155,161,161,172,1
872,258,254,256,255,253,256,253,255,258,255,0
873,178,161,148,150,179,185,156,160,161,171,1
874,257,250,253,255,254,258,254,255,258,254,0
875,181,160,149,150,179,186,155,160,158,172,1
876,255,256,252,252,250,257,252,257,253,253,0
877,182,157,158,160,172,191,158,151,160,176,1
878,260,257,254,259,260,257,255,253,255,257,0
879,184,153,161,160,172,196,158,153,157,175,1
880,253,251,255,255,254,255,251,253,248,254,0
881,181,155,160,159,174,190,160,150,156,176,1
882,248,251,255,252,256,256,254,254,253,253,0
883,185,155,162,158,169,192,160,153,157,172,1
884,246,256,257,253,254,255,255,260,248,254,0
885,189,159,153,160,174,187,162,156,162,169,1
886,252,257,256,253,258,251,254,255,250,254,0
887,189,160,150,159,173,184,158,157,159,169,1
888,252,253,251,251,254,258,250,253,255,252,0
889,192,159,152,158,175,184,160,159,160,168,1
890,254,249,254,252,255,254,261,254,257,253,0
891,192,157,155,162,171,185,161,158,161,172,1
892,254,256,259,258,251,256,253,252,253,254,0
893,185,159,158,162,167,181,151,151,154,186,1
894,256,256,253,249,251,258,251,248,254,251,0
895,187,157,159,159,172,181,152,151,156,188,1
896,252,255,259,255,253,255,255,254,256,257,0
897,185,158,159,160,169,185,152,153,153,185,1
898,252,254,255,253,255,251,256,254,256,251,0
899,185,159,155,159,169,181,149,153,155,183,1
900,256,255,253,251,252,250,253,256,254,256,0
901,252,193,147,160,252,256,178,159,176,219,1
902,253,256,249,249,254,254,257,250,254,256,0
903,249,198,154,158,254,256,176,158,178,219,1
904,254,255,247,248,253,256,255,254,252,255,0
905,251,196,150,161,257,255,178,158,176,224,1
906,254,256,249,255,254,254,259,255,254,252,0
907,248,196,150,160,256,253,175,159,174,221,1
908,255,254,251,254,255,254,258,251,259,251,0
909,252,179,159,176,222,209,147,143,170,205,1
910,254,252,253,254,257,252,241,252,252,251,0
911,253,178,158,172,225,206,147,142,170,205,1
912,253,258,253,251,250,252,243,252,255,255,0
913,253,178,161,176,219,208,148,140,169,202,1
914,251,258,255,257,246,255,243,252,258,258,0
915,253,174,156,175,222,209,146,141,168,203,1
916,253,252,255,255,256,248,239,255,255,256,0
917,206,148,137,169,210,258,217,201,219,231,1
918,253,245,250,252,257,252,243,255,253,253,0
919,206,146,139,168,205,249,214,200,218,230,1
920,256,244,250,254,251,252,248,253,250,254,0
921,207,145,136,169,202,253,217,194,218,231,1
922,257,240,250,254,254,253,249,253,254,249,0
923,208,148,142,171,204,254,213,201,218,233,1
924,258,239,253,253,256,250,245,250,254,254,0
925,250,221,199,222,232,172,134,117,138,180,1
926,251,244,252,248,251,254,249,255,256,252,0
927,254,216,200,217,232,173,135,120,138,183,1
928,251,246,251,257,255,254,253,251,251,252,0
929,255,216,199,214,228,173,134,121,140,184,1
930,255,242,252,255,257,258,255,254,252,257,0
931,254,217,200,220,227,172,130,117,135,180,1
932,254,246,253,254,258,254,252,255,255,257,0
933,174,133,119,137,182,165,143,130,144,249,1
934,252,251,249,259,254,253,253,252,250,250,0
935,172,133,122,139,183,166,146,125,146,250,1
936,254,253,254,259,253,258,252,251,260,262,0
937,174,131,122,138,183,164,143,129,145,248,1
938,251,252,253,253,253,252,258,248,255,253,0
939,174,132,119,141,181,165,143,127,146,251,1
940,251,256,251,252,254,256,250,257,251,254,0
941,167,145,129,143,253,191,146,169,168,205,1
942,254,253,252,253,257,255,258,256,255,256,0
943,166,140,128,145,247,187,147,168,174,205,1
944,259,254,254,254,257,254,255,257,256,255,0
945,164,139,129,143,248,185,146,165,167,203,1
946,255,255,250,253,249,262,256,251,253,253,0
947,168,141,130,143,247,186,146,171,169,206,1
948,258,254,255,255,250,253,251,251,251,254,0
949,186,146,168,172,200,171,129,127,130,168,1
950,255,249,256,254,255,255,252,256,252,258,0
951,189,149,168,169,202,166,130,127,127,167,1
952,249,260,251,251,249,255,253,255,256,257,0
953,187,145,164,169,204,168,131,123,130,166,1
954,253,249,254,252,260,257,258,257,257,255,0
955,187,145,168,169,204,167,127,123,130,169,1
956,254,252,251,254,249,254,256,255,254,257,0
957,171,128,124,129,168,151,129,129,169,171,1
958,251,253,257,255,251,257,254,252,254,255,0
959,171,133,124,129,167,149,124,127,172,169,1
960,256,253,254,257,257,247,254,248,256,250,0
961,167,132,125,128,170,148,126,128,167,170,1
962,255,255,254,254,254,257,250,259,253,257,0
963,170,130,123,130,171,149,128,125,167,169,1
964,249,253,252,253,254,252,258,254,253,254,0
965,147,123,128,167,172,205,210,179,183,193,1
966,254,257,255,253,254,258,257,252,255,253,0
967,151,126,126,171,170,202,212,179,187,191,1
968,255,253,254,252,256,254,252,250,257,252,0
969,148,125,126,170,166,206,211,180,189,193,1
970,253,252,251,256,256,254,250,258,252,255,0
971,150,125,129,169,167,202,214,178,185,189,1
972,255,252,255,252,251,253,255,256,255,249,0
973,203,211,178,185,192,161,137,127,131,145,1
974,253,252,253,253,256,254,255,258,261,252,0
975,206,213,179,184,194,159,134,124,125,149,1
976,258,255,256,252,256,257,254,253,254,253,0
977,205,210,178,184,189,159,134,123,129,147,1
978,254,253,256,251,255,254,252,253,254,251,0
979,202,212,177,186,188,160,136,127,128,146,1
980,250,250,253,257,256,250,254,253,253,258,0
981,156,138,125,129,146,179,144,149,176,175,1
982,253,253,257,253,259,252,256,254,248,259,0
983,158,133,126,130,148,180,142,149,174,175,1
984,253,253,256,254,253,260,251,255,257,255,0
985,160,138,126,129,148,182,143,149,176,175,1
986,253,251,259,251,255,256,257,257,255,245,0
987,157,137,127,129,148,180,146,151,175,178,1
988,257,252,255,251,255,256,251,250,255,255,0
989,180,144,152,176,174,151,137,135,142,142,1
990,255,251,253,254,254,256,252,259,255,256,0
991,178,145,149,174,177,151,139,138,143,144,1
992,255,254,252,261,256,253,249,252,250,255,0
993,177,144,149,174,173,151,139,133,144,143,1
994,253,255,253,254,254,259,259,257,256,253,0
995,178,145,150,174,174,151,137,136,139,143,1
996,255,256,253,257,253,253,253,249,253,255,0
997,146,140,135,144,140,164,144,138,157,158,1
998,255,254,254,254,251,258,250,251,251,255,0
999,151,137,134,141,143,161,142,138,155,156,1
1000,259,253,255,254,253,254,254,250,258,257,0
1001,150,140,136,141,144,163,145,138,156,155,1
1002,255,255,254,258,253,253,253,258,253,257,0
1003,148,136,136,142,143,162,144,138,156,157,1
1004,253,258,252,251,254,255,257,256,257,256,0
1005,162,143,138,157,155,147,117,123,180,179,1
1006,257,252,252,254,254,254,252,256,254,256,0
1007,164,143,134,154,157,147,115,121,181,180,1
1008,257,258,256,256,256,254,250,255,255,254,0
1009,163,141,139,159,155,149,117,124,181,182,1
1010,250,254,257,254,250,258,253,254,253,254,0
1011,164,143,138,154,157,149,118,122,181,180,1
1012,253,254,253,256,251,255,255,256,254,252,0
1013,151,118,121,182,181,142,118,113,127,168,1
1014,256,251,255,248,250,252,252,251,257,255,0
1015,147,118,121,181,182,141,117,112,125,170,1
1016,256,249,257,257,254,256,258,254,257,254,0
1017,148,115,121,180,177,144,117,109,122,170,1
1018,248,253,258,251,254,250,253,250,250,256,0
1019,150,116,120,180,176,142,117,112,126,172,1
1020,250,254,252,255,257,252,252,254,253,253,0
1021,142,120,111,123,173,153,118,117,154,154,1
1022,253,254,256,260,254,255,258,257,252,252,0
1023,140,118,114,126,173,157,119,119,155,153,1
1024,255,258,257,253,255,254,254,252,253,252,0
1025,142,119,111,129,172,160,120,119,154,154,1
1026,256,256,253,254,251,256,256,255,256,256,0
1027,143,119,114,124,173,155,118,118,154,157,1
1028,259,254,253,257,251,253,259,254,250,258,0
1029,156,119,118,158,157,142,109,109,112,162,1
1030,254,253,248,257,254,248,256,247,255,250,0
1031,156,119,118,154,156,142,108,108,110,165,1
1032,255,253,254,255,254,254,255,260,249,250,0
1033,156,119,119,156,153,142,109,107,110,164,1
1034,255,259,254,256,250,253,247,258,253,254,0
1035,155,119,118,153,156,141,105,108,113,164,1
1036,254,259,253,253,252,253,251,253,255,253,0
1037,142,107,108,114,163,172,143,137,143,186,1
1038,255,256,252,253,255,256,256,255,255,256,0
1039,142,105,108,111,163,174,143,138,142,184,1
1040,248,257,252,254,256,250,256,253,251,254,0
1041,142,108,109,112,165,172,143,137,141,184,1
1042,257,253,251,255,255,257,249,257,250,254,0
1043,141,107,105,109,163,173,144,139,141,185,1
1044,254,251,259,250,254,251,259,255,255,246,0
1045,223,198,143,135,228,236,223,135,144,236,1
1046,231,230,231,231,231,230,232,229,232,228,0
1047,221,198,144,137,225,238,226,132,144,232,1
1048,230,231,232,230,232,234,234,229,233,233,0
1049,224,199,146,136,228,238,224,135,147,234,1
1050,229,231,232,233,231,233,231,234,231,230,0
1051,221,201,145,132,225,238,226,134,145,236,1
1052,230,230,235,235,231,229,230,229,235,234,0
1053,237,221,133,149,234,251,160,146,185,251,1
1054,229,233,233,239,235,235,237,233,233,237,0
1055,236,223,134,150,238,250,158,146,186,246,1
1056,230,231,230,236,232,238,232,235,238,235,0
1057,236,226,134,150,234,248,157,146,187,249,1
1058,234,231,227,230,236,235,235,235,237,233,0
1059,237,225,134,144,233,252,155,144,185,248,1
1060,232,232,229,234,234,234,235,235,235,231,0
1061,252,160,146,190,248,248,194,136,134,229,1
1062,231,231,236,238,237,236,237,235,235,236,0
1063,251,156,142,186,252,245,191,142,135,229,1
1064,233,235,237,235,234,234,236,233,238,236,0
1065,251,155,145,190,247,243,193,138,136,229,1
1066,236,235,237,233,236,230,233,238,234,236,0
1067,248,160,146,189,252,245,194,145,138,234,1
1068,234,236,235,236,232,234,235,233,235,230,0
1069,243,190,144,138,228,245,180,143,143,231,1
1070,233,236,234,233,229,233,230,230,235,235,0
1071,246,194,143,135,230,241,181,142,143,231,1
1072,236,234,235,235,232,233,230,233,234,239,0
1073,249,194,138,133,231,243,179,145,145,229,1
1074,236,232,234,233,236,230,236,238,234,236,0
1075,240,189,144,132,230,241,183,143,146,230,1
1076,231,229,234,231,232,233,237,235,232,235,0
1077,245,181,141,145,230,220,124,126,173,218,1
1078,232,231,234,232,233,229,236,230,238,235,0
1079,247,183,140,144,231,217,125,123,175,216,1
1080,230,234,233,236,235,232,232,234,233,235,0
1081,243,179,140,145,230,213,127,124,174,218,1
1082,232,233,235,228,234,234,234,235,234,237,0
1083,243,182,142,144,226,218,123,122,172,218,1
1084,231,233,234,236,232,233,232,232,238,231,0
1085,220,124,119,180,217,232,181,121,142,184,1
1086,232,238,232,236,232,237,235,237,234,240,0
1087,219,125,122,175,219,230,182,122,139,186,1
1088,232,233,238,233,228,233,238,235,233,236,0
1089,221,123,120,176,220,230,182,122,145,185,1
1090,233,235,234,235,232,232,238,233,231,237,0
1091,217,127,122,176,218,228,179,122,141,185,1
1092,236,236,232,237,233,231,232,237,236,236,0
1093,231,183,120,139,181,246,136,141,150,207,1
1094,236,229,230,235,234,239,233,234,236,232,0
1095,231,181,121,142,186,245,136,143,147,207,1
1096,237,235,234,232,233,235,232,233,241,230,0
1097,230,179,119,141,188,245,136,142,147,204,1
1098,238,232,237,231,236,233,241,235,238,236,0
1099,228,181,121,143,187,245,133,144,144,204,1
1100,240,237,233,238,233,241,236,236,234,231,0
1101,247,135,143,149,206,233,139,135,136,216,1
1102,233,237,235,235,231,232,232,233,238,234,0
1103,244,136,146,147,207,232,143,136,136,215,1
1104,236,235,237,240,234,232,236,231,241,234,0
1105,246,133,144,145,203,229,140,135,135,216,1
1106,230,237,232,234,232,233,236,232,241,230,0
1107,245,134,141,146,210,232,141,140,135,215,1
1108,237,234,234,240,231,234,234,234,235,237,0
1109,233,143,138,138,216,218,114,116,144,186,1
1110,232,231,234,236,235,231,233,231,232,234,0
1111,234,142,137,132,217,216,114,118,144,184,1
1112,233,233,236,234,235,231,231,231,233,230,0
1113,237,139,134,138,212,217,114,117,144,184,1
1114,235,233,230,237,237,230,232,229,230,235,0
1115,236,141,134,138,215,217,114,117,142,187,1
1116,235,226,234,234,232,229,230,230,232,237,0
1117,220,112,115,144,183,243,140,139,138,221,1
1118,232,230,237,233,235,232,233,232,231,237,0
1119,219,114,117,144,183,242,139,134,140,223,1
1120,231,230,236,240,238,236,231,236,230,238,0
1121,219,114,118,143,186,242,136,134,137,223,1
1122,229,226,232,230,234,233,230,231,231,241,0
1123,219,115,119,147,185,243,138,134,138,222,1
1124,233,232,234,233,239,236,236,234,234,241,0
1125,243,138,139,139,223,191,122,122,131,167,1
1126,235,233,235,227,238,249,230,230,234,235,0
1127,242,136,137,138,220,189,124,124,131,174,1
1128,240,230,227,230,240,248,228,233,235,238,0
1129,241,138,139,139,220,192,119,121,134,172,1
1130,239,231,235,235,236,248,225,229,234,237,0
1131,239,135,135,138,221,186,125,122,133,172,1
1132,234,229,233,231,235,244,228,232,230,233,0
1133,188,121,121,131,169,245,187,165,174,211,1
1134,253,227,235,230,241,233,235,235,232,236,0
1135,192,123,122,129,171,244,189,165,175,213,1
1136,245,224,235,232,240,233,233,231,233,232,0
1137,188,120,127,132,169,248,189,167,175,209,1
1138,251,227,234,226,235,229,234,233,233,234,0
1139,190,123,119,131,172,247,185,162,170,209,1
1140,253,227,229,232,236,232,234,231,234,231,0
1141,248,188,165,176,210,224,178,140,173,227,1
1142,233,234,236,235,231,232,232,233,235,235,0
1143,244,190,166,172,209,227,175,138,179,226,1
1144,229,234,230,236,236,238,231,235,233,237,0
1145,245,187,163,177,210,227,182,144,174,224,1
1146,230,233,231,235,233,230,232,230,238,237,0
1147,247,185,165,172,213,228,179,143,176,229,1
1148,235,234,236,234,237,232,234,238,241,234,0
1149,231,179,144,177,223,174,157,105,108,218,1
1150,233,231,238,235,236,236,233,239,229,233,0
1151,227,175,140,172,227,177,158,105,107,219,1
1152,234,238,231,232,237,235,232,234,230,229,0
1153,227,179,144,174,228,175,157,100,107,215,1
1154,234,234,228,239,235,239,234,229,235,235,0
1155,226,175,143,174,226,179,153,102,107,221,1
1156,231,233,233,237,239,236,235,234,232,235,0
1157,177,157,104,108,220,209,147,117,181,183,1
1158,235,234,233,230,231,244,228,229,237,236,0
1159,176,157,106,110,218,211,148,112,185,184,1
1160,237,233,233,235,230,238,228,233,238,238,0
1161,177,157,103,110,221,210,147,113,184,185,1
1162,235,240,234,232,233,237,232,233,237,236,0
1163,178,159,105,109,217,209,145,115,184,181,1
1164,238,237,231,237,231,240,230,231,234,241,0
1165,208,149,113,181,185,211,118,108,116,169,1
1166,236,230,231,237,236,236,233,235,231,229,0
1167,212,149,112,183,184,211,121,112,114,168,1
1168,236,231,230,236,234,235,233,236,232,234,0
1169,210,147,117,183,183,210,119,110,117,167,1
1170,240,228,235,239,237,238,236,235,233,230,0
1171,212,147,115,182,181,213,119,110,116,166,1
1172,238,230,230,236,239,235,234,234,232,233,0
1173,212,122,111,117,168,177,145,106,138,195,1
1174,233,234,232,237,240,238,235,231,232,232,0
1175,211,118,111,116,167,177,148,111,140,193,1
1176,234,232,232,235,235,234,235,236,233,233,0
1177,212,123,109,117,168,178,146,107,139,198,1
1178,230,234,235,233,234,232,233,233,231,234,0
1179,208,119,110,116,167,177,144,111,141,195,1
1180,235,235,229,234,236,235,232,230,236,242,0
1181,176,144,111,138,196,163,125,111,98,147,1
1182,235,236,236,232,233,235,232,235,231,233,0
1183,175,144,109,141,196,164,125,110,100,147,1
1184,234,234,233,234,234,235,228,232,235,233,0
1185,178,144,109,139,196,163,123,109,97,146,1
1186,237,234,231,234,233,237,236,235,230,234,0
1187,177,146,111,139,197,164,123,110,100,148,1
1188,233,236,237,237,239,237,229,231,232,233,0
1189,163,125,107,98,149,144,90,100,121,146,1
1190,234,233,233,235,235,246,231,234,231,247,0
1191,165,122,108,101,146,144,95,98,122,148,1
1192,237,231,232,232,230,244,230,235,232,246,0
1193,164,123,108,98,148,146,96,99,121,150,1
1194,233,230,234,231,234,247,234,238,228,248,0
1195,164,124,106,98,146,142,93,99,121,149,1
1196,234,232,234,233,235,245,232,240,235,244,0
1197,142,96,98,122,150,141,104,97,93,128,1
1198,247,227,239,229,245,241,233,231,235,244,0
1199,142,92,98,123,149,141,104,98,95,127,1
1200,249,229,236,233,250,236,235,233,233,241,0
1201,144,93,100,121,148,142,105,98,96,126,1
1202,245,229,239,233,247,237,229,235,233,243,0
1203,142,93,98,120,148,141,103,97,93,125,1
1204,245,232,234,234,246,238,232,233,237,238,0
1205,252,220,236,238,247,254,233,247,247,254,1
1206,242,172,194,199,219,233,203,208,211,222,0
1207,252,223,237,241,244,249,236,241,248,255,1
1208,245,170,199,203,219,228,205,209,215,228,0
1209,251,226,236,238,246,251,236,237,245,255,1
1210,244,174,197,199,218,231,204,212,216,223,0
1211,255,225,234,244,244,253,234,240,247,250,1
1212,238,172,201,201,218,230,200,207,214,224,0
1213,253,234,242,243,256,251,247,239,252,258,1
1214,232,206,211,209,224,217,204,182,214,233,0
1215,247,237,246,243,248,254,246,232,252,253,1
1216,235,202,207,211,228,217,203,186,213,233,0
1217,247,238,244,246,251,248,247,235,248,251,1
1218,227,207,206,214,227,219,208,182,211,233,0
1219,251,231,245,244,259,250,248,236,254,251,1
1220,234,205,212,209,222,221,207,183,213,232,0
1221,247,250,238,251,254,254,248,224,245,254,1
1222,217,206,183,213,235,234,206,173,211,222,0
1223,247,247,237,246,253,256,247,227,242,255,1
1224,219,206,183,210,230,232,209,175,211,220,0
1225,250,249,235,251,256,251,250,230,239,250,1
1226,221,205,180,213,231,230,208,177,211,222,0
1227,250,250,230,247,252,252,252,225,244,255,1
1228,219,203,178,214,231,232,208,174,211,223,0
1229,256,251,222,242,256,248,226,228,231,258,1
1230,232,212,174,209,223,221,199,128,198,247,0
1231,251,243,224,246,256,249,230,233,229,251,1
1232,235,210,175,209,222,220,202,130,201,242,0
1233,254,246,222,242,256,252,230,226,235,253,1
1234,233,207,176,210,221,219,198,130,201,239,0
1235,255,248,228,244,255,252,230,233,233,253,1
1236,236,209,176,207,224,221,203,128,202,244,0
1237,252,230,230,232,255,251,236,237,254,255,1
1238,216,202,126,202,240,239,197,229,245,254,0
1239,254,230,233,233,252,255,235,245,254,256,1
1240,222,201,129,206,243,239,197,223,239,250,0
1241,251,231,228,238,251,252,237,247,250,255,1
1242,218,197,127,201,242,240,199,226,238,255,0
1243,255,231,227,242,251,252,235,241,250,250,1
1244,219,201,131,202,242,241,195,224,239,253,0
1245,256,237,243,255,253,255,252,212,240,253,1
1246,242,190,223,243,253,253,234,198,229,251,0
1247,251,236,239,251,253,256,245,208,239,251,1
1248,238,196,223,240,252,250,231,197,234,244,0
1249,249,237,241,247,253,253,245,211,237,254,1
1250,236,196,226,241,255,256,238,194,232,249,0
1251,253,234,240,255,252,257,247,211,239,254,1
1252,241,196,228,249,254,253,237,196,228,247,0
1253,256,250,215,237,249,248,232,237,238,245,1
1254,257,237,192,228,250,243,177,189,184,214,0
1255,255,251,213,240,250,255,229,233,237,247,1
1256,254,238,197,229,245,241,176,190,188,206,0
1257,250,247,212,235,253,252,230,235,239,246,1
1258,254,237,199,234,242,240,180,189,190,205,0
1259,255,249,209,234,253,248,233,237,239,246,1
1260,253,236,197,233,243,241,178,188,186,212,0
1261,252,230,235,237,246,257,228,226,243,253,1
1262,238,176,186,186,207,201,192,203,217,225,0
1263,250,230,235,234,248,257,224,223,237,249,1
1264,241,175,190,189,210,199,193,201,216,225,0
1265,250,231,238,238,247,251,224,221,242,250,1
1266,245,176,189,187,204,203,195,202,214,220,0
1267,252,235,234,238,245,250,225,224,245,253,1
1268,241,175,190,187,209,199,196,201,214,225,0
1269,255,227,225,241,248,257,224,225,257,255,1
1270,201,192,203,218,224,212,208,218,225,226,0
1271,256,223,227,242,254,252,222,225,254,254,1
1272,202,191,199,215,224,217,210,210,224,224,0
1273,254,222,224,241,254,257,223,233,255,255,1
1274,202,195,201,212,221,217,208,214,223,224,0
1275,253,221,227,242,250,252,228,223,252,254,1
1276,198,197,202,215,222,211,205,210,222,224,0
1277,159,82,73,82,137,157,120,106,115,158,1
1278,259,251,254,254,257,255,248,253,253,255,0
1279,157,86,74,79,137,159,117,107,115,157,1
1280,256,252,255,256,251,256,251,251,256,254,0
1281,158,84,70,84,138,157,120,106,114,157,1
1282,256,252,250,252,250,256,251,255,250,254,0
1283,158,83,70,82,136,160,120,107,115,158,1
1284,258,256,253,256,256,254,256,254,256,255,0
1285,158,118,106,116,156,155,125,124,128,149,1
1286,256,254,255,255,258,250,256,253,253,251,0
1287,156,120,106,114,157,155,123,121,125,147,1
1288,252,253,255,251,252,253,257,259,259,255,0
1289,155,119,104,115,156,155,124,122,129,150,1
1290,256,255,254,258,251,258,254,255,257,256,0
1291,156,122,108,112,156,154,123,122,125,148,1
1292,257,256,249,252,250,249,255,259,254,251,0
1293,155,124,123,126,147,150,133,117,121,152,1
1294,257,254,255,250,251,254,258,251,254,255,0
1295,153,123,125,127,149,153,130,117,121,153,1
1296,252,252,252,253,250,255,252,255,255,251,0
1297,156,124,127,126,148,151,130,122,120,153,1
1298,248,256,251,255,252,255,253,255,254,254,0
1299,155,124,121,128,149,150,130,120,120,149,1
1300,256,256,257,257,252,252,257,257,253,253,0
1301,153,130,121,121,153,144,107,125,117,123,1
1302,253,255,246,255,254,254,258,253,254,253,0
1303,153,132,118,120,155,142,109,125,119,127,1
1304,257,254,257,253,253,249,255,252,252,258,0
1305,153,129,121,121,152,142,107,126,117,125,1
1306,256,256,252,254,250,251,255,257,259,256,0
1307,151,128,120,119,153,143,106,128,117,126,1
1308,253,254,249,250,255,257,257,253,251,255,0
1309,142,108,127,116,125,134,76,82,78,98,1
1310,257,255,252,257,255,254,255,259,256,256,0
1311,142,106,125,116,126,132,78,81,76,101,1
1312,256,251,256,253,259,258,251,252,256,254,0
1313,143,106,126,119,127,134,79,81,77,100,1
1314,257,254,253,258,255,254,256,261,248,255,0
1315,145,107,127,118,126,133,80,82,77,102,1
1316,251,251,254,255,253,256,255,257,252,249,0
1317,133,77,83,76,101,113,84,65,78,87,1
1318,251,253,256,252,252,257,252,254,259,255,0
1319,134,80,84,76,101,112,84,66,76,84,1
1320,253,254,259,257,256,253,253,254,258,257,0
1321,133,80,82,75,101,113,83,66,78,86,1
1322,257,252,256,256,255,251,256,253,250,253,0
1323,133,80,83,78,102,112,84,66,79,85,1
1324,251,252,256,256,256,253,257,256,257,248,0
1325,114,85,69,78,86,112,83,96,92,97,1
1326,252,251,252,253,254,253,253,259,251,254,0
1327,114,84,66,77,84,112,84,95,92,98,1
1328,258,254,253,253,259,260,253,255,257,259,0
1329,113,86,66,76,83,114,84,95,90,98,1
1330,252,254,257,254,259,257,254,255,255,256,0
1331,113,83,66,77,85,113,86,95,90,98,1
1332,255,253,252,256,253,256,255,250,252,254,0
1333,112,83,95,93,99,144,130,122,119,144,1
1334,255,253,257,255,253,253,253,254,255,259,0
1335,111,85,95,90,98,144,132,123,121,144,1
1336,249,256,256,256,252,254,256,250,253,254,0
1337,110,82,96,90,98,145,133,121,121,145,1
1338,256,256,258,251,251,252,254,254,257,258,0
1339,111,83,96,90,98,143,131,125,122,145,1
1340,254,253,255,253,259,253,257,253,250,258,0
1341,146,131,124,120,143,157,132,133,140,158,1
1342,256,248,258,254,257,250,256,255,252,257,0
1343,144,132,123,117,145,156,132,132,137,158,1
1344,251,255,248,255,250,250,256,253,258,251,0
1345,146,131,125,119,143,154,131,130,136,160,1
1346,250,255,255,247,251,256,252,251,252,252,0
1347,145,132,123,121,143,154,132,133,140,158,1
1348,254,258,253,249,254,253,255,253,251,253,0
1349,155,133,132,136,157,164,148,141,139,154,1
1350,254,254,255,255,254,257,256,253,256,253,0
1351,157,134,133,137,160,167,148,141,143,152,1
1352,255,254,255,255,258,250,256,260,253,256,0
1353,155,134,135,137,156,163,150,138,138,155,1
1354,252,258,255,255,255,254,246,253,252,252,0
1355,155,134,133,139,159,165,148,141,140,156,1
1356,254,258,253,260,252,254,256,253,252,251,0
1357,163,150,143,139,154,168,159,143,151,160,1
1358,256,251,258,252,256,252,257,257,255,256,0
1359,164,150,138,142,153,170,160,143,152,159,1
1360,256,250,250,252,257,256,251,258,256,256,0
1361,165,147,143,140,157,171,159,146,150,161,1
1362,250,254,256,254,254,253,256,256,259,254,0
1363,162,148,143,137,154,172,160,143,152,158,1
1364,256,251,252,254,260,251,254,256,252,254,0
1365,172,158,145,155,161,146,149,138,137,159,1
1366,254,248,256,250,252,257,256,255,253,261,0
1367,169,157,143,154,157,147,146,138,137,162,1
1368,256,257,254,257,252,252,257,250,255,252,0
1369,171,159,146,151,159,148,149,140,141,161,1
1370,258,253,254,253,254,258,254,254,250,255,0
1371,172,163,144,151,159,147,145,140,137,163,1
1372,251,253,252,250,251,251,255,253,256,256,0
1373,148,147,140,139,163,159,144,143,137,150,1
1374,257,258,252,254,253,254,251,251,254,256,0
1375,145,147,137,135,162,159,141,141,136,150,1
1376,254,248,252,255,254,255,253,252,258,253,0
1377,146,148,137,136,162,158,143,141,137,147,1
1378,253,252,255,257,254,254,250,251,251,252,0
1379,150,147,138,137,164,160,142,140,136,149,1
1380,254,255,249,252,249,257,253,257,252,249,0
1381,159,141,141,139,149,163,141,142,147,156,1
1382,255,254,252,253,254,256,253,259,257,256,0
1383,159,142,139,137,149,161,140,145,148,152,1
1384,252,254,254,253,251,254,256,253,255,256,0
1385,160,144,138,135,152,163,145,144,147,152,1
1386,249,259,252,251,253,259,255,252,249,257,0
1387,158,144,139,136,148,163,142,143,148,156,1
1388,254,259,255,251,254,254,255,256,255,255,0
1389,161,141,145,146,155,155,139,140,146,151,1
1390,250,256,255,253,257,256,257,254,252,248,0
1391,165,141,142,144,153,155,137,142,145,149,1
1392,254,253,256,254,257,253,256,255,254,249,0
1393,163,141,144,145,153,152,138,144,146,150,1
1394,258,250,256,251,250,253,254,254,254,252,0
1395,164,142,145,146,156,156,140,142,145,151,1
1396,255,249,251,253,255,253,255,254,254,248,0
1397,156,139,142,144,150,165,140,136,125,149,1
1398,249,255,251,257,253,257,253,256,253,257,0
1399,157,137,142,145,151,164,142,137,128,148,1
1400,253,253,251,253,256,255,255,254,256,253,0
1401,155,140,144,143,151,163,141,136,128,148,1
1402,258,253,259,249,250,257,255,256,252,258,0
1403,157,139,142,146,153,162,138,139,128,150,1
1404,253,255,251,252,255,250,254,257,249,254,0
1405,165,139,140,130,149,167,150,141,143,168,1
1406,253,252,253,256,253,252,257,255,252,254,0
1407,165,138,137,127,148,169,150,141,142,168,1
1408,253,255,253,256,255,249,255,254,254,256,0
1409,163,138,138,125,150,167,150,140,141,168,1
1410,253,256,251,256,255,251,252,256,253,253,0
1411,164,143,137,126,148,169,149,142,141,169,1
1412,256,259,250,252,256,254,254,252,258,256,0
1413,167,152,138,140,167,168,139,130,137,146,1
1414,255,257,256,254,250,257,255,256,253,251,0
1415,167,149,140,141,167,169,139,131,137,144,1
1416,256,254,257,250,255,256,254,253,253,254,0
1417,166,152,139,142,167,168,137,130,138,143,1
1418,253,252,257,259,259,252,250,256,256,250,0
1419,167,149,140,142,168,168,138,132,139,146,1
1420,251,258,257,252,253,252,257,255,257,253,0
1421,169,139,131,138,147,170,136,143,141,164,1
1422,253,253,251,250,251,256,253,254,253,254,0
1423,170,136,129,139,144,168,135,143,142,159,1
1424,254,255,257,254,256,251,255,255,256,252,0
1425,167,138,131,140,144,168,137,144,142,161,1
1426,252,253,252,252,256,253,254,251,254,254,0
1427,168,138,129,138,147,167,135,143,141,163,1
1428,253,257,251,253,256,251,251,257,255,254,0
1429,170,137,142,141,165,157,145,132,141,155,1
1430,249,254,255,254,251,256,254,255,255,256,0
1431,172,136,142,141,165,156,146,135,142,153,1
1432,254,256,251,255,250,257,251,253,251,254,0
1433,170,134,144,139,162,156,146,136,141,156,1
1434,255,254,254,250,251,255,255,250,256,252,0
1435,170,134,141,142,163,156,145,137,144,153,1
1436,253,252,251,254,252,252,259,247,255,249,0
1437,157,141,137,147,153,167,131,130,140,150,1
1438,251,250,257,260,259,256,253,254,255,247,0
1439,158,146,136,143,155,167,134,133,139,150,1
1440,255,256,252,251,253,256,257,254,257,255,0
1441,158,143,134,141,151,164,131,129,142,147,1
1442,252,254,252,255,257,250,256,257,253,257,0
1443,156,145,138,144,156,165,133,129,139,150,1
1444,255,256,256,251,257,253,257,253,246,252,0
1445,167,133,131,145,148,182,154,151,142,152,1
1446,254,256,254,254,252,252,252,253,256,254,0
1447,164,132,130,141,149,182,156,154,146,152,1
1448,252,257,251,250,260,258,254,253,259,254,0
1449,164,131,131,140,145,186,157,153,142,153,1
1450,257,253,258,256,253,252,255,252,256,257,0
1451,166,134,130,143,149,188,159,155,145,148,1
1452,257,251,249,259,249,255,256,257,258,255,0
1453,242,193,210,220,222,182,155,152,155,178,1
1454,257,254,253,249,252,255,261,253,256,252,0
1455,244,199,208,221,219,177,154,154,157,175,1
1456,250,258,254,251,252,253,251,254,259,249,0
1457,243,200,212,220,220,176,156,153,157,179,1
1458,256,255,254,252,254,258,254,257,254,254,0
1459,244,199,210,223,220,178,155,154,156,177,1
1460,254,260,251,255,255,256,255,252,254,253,0
1461,180,155,152,156,178,198,152,160,168,183,1
1462,252,254,254,252,252,259,255,254,255,249,0
1463,177,157,153,158,173,200,154,161,170,183,1
1464,251,254,250,253,252,256,252,247,253,253,0
1465,180,156,152,156,174,201,150,160,166,187,1
1466,255,257,255,258,255,254,249,253,254,253,0
1467,177,154,153,158,176,205,154,161,167,183,1
1468,256,256,255,253,255,256,254,255,253,253,0
1469,200,154,159,170,182,195,158,156,163,180,1
1470,252,255,249,255,252,249,256,253,253,257,0
1471,200,152,162,167,183,192,159,158,163,184,1
1472,254,256,256,258,256,254,249,254,255,252,0
1473,199,150,160,167,183,193,163,161,162,180,1
1474,253,251,251,258,254,259,253,255,251,256,0
1475,200,153,162,170,182,192,160,159,161,181,1
1476,258,252,253,253,259,253,249,253,255,255,0
1477,194,162,159,162,180,164,157,164,165,178,1
1478,256,257,254,256,253,262,255,250,256,251,0
1479,193,161,160,160,181,168,159,164,164,176,1
1480,252,252,252,253,249,254,254,251,255,254,0
1481,192,161,156,166,180,169,158,166,163,177,1
1482,255,254,255,257,253,254,255,256,258,259,0
1483,194,162,159,167,185,166,161,164,161,179,1
1484,253,252,253,249,252,254,255,255,255,256,0
1485,166,161,163,168,177,197,173,168,184,188,1
1486,256,248,256,259,253,255,251,252,253,257,0
1487,168,159,166,166,176,202,170,170,184,185,1
1488,251,253,257,252,252,256,253,253,252,254,0
1489,169,163,163,167,177,198,168,170,185,189,1
1490,255,257,250,255,251,254,255,255,254,252,0
1491,169,157,162,166,179,201,170,168,181,190,1
1492,253,256,258,254,254,257,251,249,257,258,0
1493,199,171,170,181,189,179,163,171,171,185,1
1494,254,256,254,252,251,259,258,251,247,258,0
1495,203,169,170,184,182,175,164,170,171,183,1
1496,250,254,257,254,253,252,255,249,256,252,0
1497,196,170,169,186,191,176,167,172,171,181,1
1498,252,252,256,254,254,255,250,254,256,253,0
1499,200,170,167,184,185,176,163,170,168,182,1
1500,256,252,252,252,260,254,254,249,250,252,0
1501,179,161,174,170,182,179,165,169,182,191,1
1502,248,255,255,256,256,253,254,251,253,252,0
1503,179,165,172,170,182,181,164,168,180,189,1
1504,253,253,255,251,254,252,250,255,253,252,0
1505,178,163,176,170,183,176,164,172,184,189,1
1506,250,251,253,254,254,257,250,255,253,257,0
1507,178,162,172,169,183,177,163,169,182,190,1
1508,253,254,254,255,255,255,250,252,255,254,0
1509,179,160,169,181,191,201,173,163,176,233,1
1510,250,255,255,256,256,255,260,254,252,251,0
1511,176,162,171,180,186,202,171,170,181,235,1
1512,249,254,252,250,250,254,254,254,254,255,0
1513,177,164,173,182,191,201,175,167,181,233,1
1514,252,251,253,251,253,253,257,250,255,253,0
1515,177,165,167,181,188,200,174,167,181,236,1
1516,253,255,256,256,255,255,250,251,252,257,0
1517,204,173,168,179,236,245,220,197,207,210,1
1518,252,255,253,256,250,254,253,251,251,252,0
1519,202,171,169,181,237,243,219,194,207,210,1
1520,256,253,253,256,256,250,251,251,255,250,0
1521,201,172,164,180,229,248,220,193,206,215,1
1522,254,251,256,254,253,254,254,251,254,252,0
1523,200,173,168,181,236,243,222,194,209,209,1
1524,259,257,253,255,250,251,248,248,253,246,0
1525,245,219,192,209,214,219,181,161,157,162,1
1526,252,253,254,250,250,253,253,251,252,255,0
1527,250,221,196,206,212,217,180,162,153,161,1
1528,252,253,252,250,250,249,255,248,256,254,0
1529,245,224,194,208,211,222,178,161,159,159,1
1530,256,252,248,249,249,250,251,254,255,252,0
1531,246,217,194,204,210,226,183,164,155,160,1
1532,254,253,254,254,248,247,247,252,251,251,0
1533,223,180,165,156,161,188,159,160,155,186,1
1534,248,253,253,254,260,257,256,254,254,253,0
1535,220,183,164,159,163,189,157,162,159,181,1
1536,252,248,257,252,255,255,260,255,249,255,0
1537,221,182,164,158,162,186,159,162,158,184,1
1538,250,248,256,255,256,259,254,252,255,251,0
1539,220,179,166,155,161,190,158,161,158,183,1
1540,249,249,251,254,255,251,259,255,257,256,0
1541,190,159,162,157,185,171,171,169,165,183,1
1542,254,254,253,251,252,253,251,253,254,255,0
1543,187,162,159,155,183,172,170,168,165,183,1
1544,253,251,255,257,251,254,253,255,252,255,0
1545,189,157,160,155,183,171,170,169,164,182,1
1546,254,251,254,259,254,257,249,254,252,252,0
1547,186,158,162,159,182,170,169,168,167,186,1
1548,257,256,250,253,251,255,251,253,259,253,0
1549,169,172,167,163,184,153,125,126,118,133,1
1550,257,255,256,253,253,252,257,252,255,255,0
1551,171,172,168,165,184,150,125,127,122,133,1
1552,254,255,252,254,257,251,252,253,257,259,0
1553,169,169,170,164,184,151,125,124,120,134,1
1554,253,263,254,251,255,256,253,253,255,256,0
1555,171,170,169,165,186,148,125,124,120,134,1
1556,255,252,252,253,252,252,256,252,257,255,0
1557,150,124,127,120,138,133,98,110,121,132,1
1558,249,253,256,254,257,257,252,252,249,253,0
1559,148,126,125,121,134,135,97,110,122,130,1
1560,251,251,252,255,259,255,258,258,251,252,0
1561,148,125,123,122,137,132,98,112,118,130,1
1562,252,257,250,251,253,255,255,253,250,251,0
1563,149,125,123,118,134,135,99,111,120,130,1
1564,255,248,252,257,255,253,256,252,254,253,0
1565,132,97,110,121,131,177,188,203,188,179,1
1566,251,253,252,258,255,253,258,258,257,253,0
1567,133,97,110,120,134,179,190,199,188,181,1
1568,256,255,255,249,254,254,251,253,256,256,0
1569,134,98,110,120,133,178,189,199,188,182,1
1570,252,252,254,252,255,257,255,252,253,257,0
1571,133,98,109,119,132,178,189,200,185,181,1
1572,256,254,256,253,253,258,256,256,252,252,0
1573,178,191,199,186,179,163,141,122,141,154,1
1574,254,252,254,253,257,257,253,254,249,253,0
1575,175,186,201,190,176,164,140,122,140,150,1
1576,252,254,255,260,254,253,252,254,252,250,0
1577,180,189,198,187,178,166,143,123,140,153,1
1578,252,251,254,254,252,253,252,251,248,252,0
1579,178,191,201,186,182,164,140,123,143,151,1
1580,251,253,250,255,257,255,256,253,252,255,0
1581,165,143,123,140,152,142,121,131,133,145,1
1582,255,251,253,259,255,256,255,256,254,255,0
1583,163,143,122,143,151,144,120,130,131,145,1
1584,255,255,251,253,259,255,257,253,256,253,0
1585,163,143,122,143,151,144,121,132,132,143,1
1586,256,254,254,254,257,254,254,250,258,251,0
1587,163,143,122,141,153,142,121,130,133,146,1
1588,251,255,253,252,254,254,252,257,253,254,0
1589,143,120,129,131,147,138,38,60,68,131,1
1590,252,256,254,253,257,253,263,251,254,253,0
1591,141,121,129,133,146,140,38,60,67,132,1
1592,257,254,254,255,248,254,257,256,248,254,0
1593,144,121,132,133,148,138,41,61,67,132,1
1594,255,256,255,255,256,251,258,256,250,255,0
1595,143,123,129,133,147,136,42,58,68,135,1
1596,254,254,254,259,253,253,254,257,256,257,0
1597,138,39,59,67,132,144,107,58,85,136,1
1598,254,254,248,250,260,255,255,256,257,253,0
1599,136,41,59,65,133,143,107,58,82,137,1
1600,251,254,252,254,254,252,256,258,257,254,0
1601,137,40,61,67,132,143,106,59,80,136,1
1602,252,255,254,254,248,252,256,255,254,255,0
1603,138,39,60,66,133,144,107,57,81,135,1
1604,259,255,253,253,254,253,254,254,254,256,0
1605,144,104,59,81,134,163,140,138,140,166,1
1606,258,257,257,254,252,255,255,254,256,256,0
1607,143,107,60,82,138,163,141,141,142,166,1
1608,257,253,256,258,253,255,254,255,253,255,0
1609,145,109,58,83,138,166,140,137,140,167,1
1610,253,254,250,257,260,254,250,256,256,253,0
1611,144,107,58,83,133,162,142,139,140,168,1
1612,258,255,251,258,253,253,253,257,251,253,0
1613,161,143,140,143,167,169,146,142,148,171,1
1614,250,256,255,259,251,252,258,255,254,254,0
1615,162,139,139,143,165,170,141,140,147,171,1
1616,255,251,257,250,254,256,253,250,254,254,0
1617,163,140,141,140,166,169,143,147,144,172,1
1618,256,255,259,258,252,259,249,254,256,253,0
1619,163,140,141,139,169,168,142,144,146,170,1
1620,253,252,250,248,255,256,256,249,252,259,0
1621,172,142,142,148,171,177,158,147,145,176,1
1622,256,253,254,254,254,245,253,249,256,255,0
1623,168,145,142,146,171,180,153,144,144,174,1
1624,249,251,255,252,255,256,251,256,255,252,0
1625,170,145,145,146,169,182,154,144,141,174,1
1626,255,254,257,252,257,254,251,252,256,255,0
1627,170,142,142,148,168,180,157,146,145,172,1
1628,254,252,259,252,255,252,253,256,253,251,0
1629,181,156,146,144,176,174,152,146,144,169,1
1630,256,257,254,254,253,254,255,251,255,251,0
1631,180,155,144,142,171,175,151,144,144,164,1
1632,256,258,252,255,255,258,252,255,258,255,0
1633,180,154,146,142,171,177,153,148,145,166,1
1634,255,252,256,253,253,254,252,254,253,255,0
1635,178,155,148,143,174,175,149,147,146,170,1
1636,256,254,250,256,256,254,253,256,254,252,0
1637,176,151,151,144,165,161,159,150,147,168,1
1638,255,255,254,255,252,252,248,254,254,245,0
1639,175,153,149,144,165,164,154,148,147,173,1
1640,257,256,257,255,255,255,256,256,254,256,0
1641,175,151,145,146,169,160,154,148,150,171,1
1642,256,255,255,254,253,253,255,248,255,254,0
1643,174,152,150,143,166,163,156,146,146,169,1
1644,258,256,251,254,258,253,254,250,252,253,0
1645,250,188,174,183,248,250,199,187,245,256,1
1646,222,226,230,230,232,231,230,235,233,238,0
1647,248,192,172,184,251,252,193,187,248,253,1
1648,226,229,231,230,231,231,234,234,237,230,0
1649,247,190,171,188,247,247,193,191,248,257,1
1650,227,230,231,231,226,234,228,233,235,235,0
1651,248,188,173,185,247,249,194,190,244,250,1
1652,228,227,231,235,228,228,231,235,232,235,0
1653,250,196,187,248,253,250,230,231,249,249,1
1654,232,229,232,233,232,231,232,234,235,226,0
1655,252,197,189,247,253,244,231,232,245,245,1
1656,232,232,233,232,234,234,233,230,232,231,0
1657,246,196,187,245,253,249,232,233,243,249,1
1658,230,232,234,233,236,227,234,237,237,228,0
1659,249,193,188,243,253,248,227,232,245,245,1
1660,230,232,234,237,233,228,226,232,236,233,0
1661,250,229,232,249,243,248,236,225,217,249,1
1662,232,229,232,230,226,232,227,233,236,227,0
1663,248,233,233,250,253,249,235,229,221,246,1
1664,230,231,232,229,224,227,231,238,229,224,0
1665,246,228,234,244,246,248,233,225,222,246,1
1666,230,228,234,233,226,233,230,237,230,228,0
1667,246,225,233,247,248,245,232,225,223,248,1
1668,232,232,235,236,227,225,229,236,236,230,0
1669,250,238,225,223,247,246,188,225,243,245,1
1670,231,231,238,230,231,234,227,233,235,229,0
1671,249,232,227,225,247,247,195,222,243,247,1
1672,229,228,239,234,230,229,228,232,230,233,0
1673,249,236,225,223,249,244,190,222,246,247,1
1674,231,228,237,235,232,227,231,234,228,231,0
1675,247,233,224,223,248,246,190,224,241,248,1
1676,229,227,239,232,228,232,231,232,231,228,0
1677,244,191,224,242,250,248,234,222,216,248,1
1678,228,230,234,231,225,229,231,231,228,227,0
1679,249,185,224,239,249,251,237,218,214,250,1
1680,236,226,238,233,227,225,230,229,233,232,0
1681,245,191,222,243,246,252,238,222,216,248,1
1682,231,227,233,232,228,233,230,227,229,231,0
1683,246,192,220,246,248,253,233,223,217,242,1
1684,231,228,233,227,234,229,227,229,233,230,0
1685,250,237,222,215,250,252,187,180,180,249,1
1686,230,233,233,233,234,233,231,230,229,227,0
1687,250,238,222,209,249,254,192,184,176,247,1
1688,221,227,231,234,233,233,229,233,232,229,0
1689,247,237,222,212,251,256,191,182,185,245,1
1690,228,227,233,233,230,230,227,233,228,229,0
1691,253,235,224,207,248,254,193,184,181,249,1
1692,230,220,230,229,232,231,230,228,227,228,0
1693,251,192,178,182,246,238,219,217,252,252,1
1694,229,227,232,231,227,227,232,235,235,242,0
1695,255,190,183,178,249,240,216,216,249,252,1
1696,230,228,229,227,233,228,234,236,238,241,0
1697,251,192,185,185,246,237,218,216,252,250,1
1698,233,229,230,228,230,228,235,235,233,241,0
1699,253,190,183,183,248,239,220,218,253,253,1
1700,233,223,233,228,234,228,234,236,237,247,0
1701,234,217,219,247,255,255,160,132,233,241,1
1702,232,236,237,236,242,235,233,237,234,230,0
1703,240,217,217,252,252,254,164,132,232,240,1
1704,232,231,237,237,243,232,234,236,229,237,0
1705,238,217,216,254,253,252,161,132,239,241,1
1706,228,233,235,236,238,235,234,233,236,233,0
1707,237,216,216,253,250,257,162,137,237,242,1
1708,231,229,235,235,240,232,235,235,236,235,0
1709,256,158,131,237,239,238,143,151,157,242,1
1710,233,229,230,234,229,229,227,232,236,234,0
1711,253,157,133,235,241,241,146,148,157,239,1
1712,234,235,236,235,234,235,231,231,235,237,0
1713,253,167,135,232,243,239,143,144,158,240,1
1714,235,235,232,235,237,230,235,229,236,237,0
1715,256,164,134,234,236,242,143,150,156,242,1
1716,228,232,236,232,232,230,231,232,230,231,0
1717,241,139,146,154,238,235,186,187,237,240,1
1718,235,230,231,232,235,230,237,234,238,235,0
1719,241,142,147,154,245,231,190,185,234,236,1
1720,232,230,231,232,233,231,238,236,237,234,0
1721,240,144,152,157,241,236,188,187,232,240,1
1722,231,233,232,231,232,234,232,238,242,233,0
1723,241,147,148,154,239,233,188,186,235,238,1
1724,232,227,232,229,235,234,232,236,239,232,0
1725,237,190,187,238,236,233,126,125,198,229,1
1726,231,231,235,239,231,228,236,229,234,237,0
1727,233,190,183,231,236,235,131,131,192,232,1
1728,231,233,233,240,229,231,235,232,229,233,0
1729,231,191,186,240,239,237,128,127,197,231,1
1730,228,236,232,242,233,232,234,233,231,236,0
1731,235,186,187,238,237,234,129,130,201,227,1
1732,228,236,238,236,232,227,233,235,232,231,0
1733,232,132,130,198,228,215,174,169,225,234,1
1734,231,236,232,231,232,229,230,230,231,232,0
1735,232,129,130,200,225,215,175,169,227,227,1
1736,232,236,234,232,232,229,233,227,231,237,0
1737,233,127,128,197,227,215,173,166,225,234,1
1738,233,235,232,237,237,231,233,231,229,232,0
1739,235,131,131,194,227,216,174,173,227,230,1
1740,234,235,234,236,238,231,233,229,229,234,0
1741,215,172,171,226,233,246,172,144,189,240,1
1742,234,231,230,230,233,253,232,235,237,237,0
1743,215,171,171,226,230,244,169,150,188,239,1
1744,229,233,232,229,237,254,234,237,234,237,0
1745,213,173,171,225,228,247,171,147,187,239,1
1746,236,235,228,233,235,251,233,238,230,236,0
1747,217,170,163,227,230,244,172,144,187,238,1
1748,230,229,228,228,232,256,233,234,231,236,0
1749,245,171,144,185,239,248,214,141,160,247,1
1750,251,235,235,230,236,232,231,228,232,229,0
1751,243,170,144,189,239,244,215,142,156,249,1
1752,250,232,235,231,233,234,231,234,230,229,0
1753,244,174,146,188,238,244,216,142,158,248,1
1754,251,235,236,234,234,229,230,233,230,231,0
1755,246,172,146,184,240,242,217,140,158,245,1
1756,252,230,235,232,232,235,232,232,228,231,0
1757,246,220,137,159,250,240,203,188,240,233,1
1758,229,233,239,233,231,233,231,237,233,236,0
1759,246,220,141,156,243,241,204,195,238,237,1
1760,232,231,232,235,237,230,231,238,234,235,0
1761,250,213,143,154,246,244,206,196,241,235,1
1762,234,235,237,229,233,230,231,233,234,235,0
1763,246,224,144,163,247,238,203,193,238,235,1
1764,238,232,235,232,230,232,230,232,236,230,0
1765,238,202,192,243,235,241,178,177,181,228,1
1766,231,233,239,232,233,232,230,227,231,230,0
1767,236,203,195,237,233,239,179,179,180,224,1
1768,237,231,239,232,232,228,226,227,226,231,0
1769,240,202,192,238,237,235,179,180,180,226,1
1770,234,231,239,229,233,232,233,230,230,228,0
1771,244,204,190,236,233,237,179,178,177,226,1
1772,231,232,231,230,230,229,231,226,231,230,0
1773,238,178,182,183,225,225,165,133,140,216,1
1774,228,231,229,228,227,231,233,238,231,234,0
1775,242,180,179,177,226,223,164,133,139,215,1
1776,233,227,234,232,232,232,231,233,234,233,0
1777,234,178,181,181,228,223,167,134,140,214,1
1778,229,226,228,231,231,234,235,227,237,233,0
1779,237,176,183,181,224,221,168,135,139,219,1
1780,230,232,230,225,229,231,235,233,233,235,0
1781,221,165,135,140,217,235,200,192,205,247,1
1782,233,232,230,235,234,234,233,231,231,235,0
1783,223,165,135,142,217,235,199,192,204,251,1
1784,233,231,231,231,233,237,232,234,229,231,0
1785,225,167,135,141,217,235,200,192,202,249,1
1786,231,230,228,229,237,234,233,233,227,231,0
1787,224,164,131,143,216,236,198,192,209,246,1
1788,231,235,232,235,232,233,236,225,229,230,0
1789,235,196,193,209,249,251,127,128,178,240,1
1790,233,229,232,232,232,231,236,232,231,235,0
1791,230,194,190,204,251,247,126,131,174,237,1
1792,235,228,228,229,238,232,235,233,235,236,0
1793,230,198,193,206,250,247,129,131,172,240,1
1794,233,226,234,231,234,231,234,232,232,237,0
1795,236,196,193,208,248,246,123,127,175,240,1
1796,232,231,232,233,233,230,232,237,233,233,0
1797,253,249,251,252,252,253,234,250,254,255,1
1798,151,153,153,150,150,149,147,149,151,151,0
1799,254,251,252,254,258,251,238,254,253,251,1
1800,150,155,151,152,156,150,151,149,151,148,0
1801,252,251,253,252,256,248,233,250,252,254,1
1802,152,153,154,152,153,148,149,147,147,151,0
1803,253,249,249,249,257,253,236,254,256,253,1
1804,150,151,151,151,152,149,149,150,148,148,0
1805,247,235,252,256,252,257,233,256,249,250,1
1806,148,150,146,149,148,146,147,155,167,237,0
1807,252,239,257,256,256,252,232,250,250,254,1
1808,149,151,148,148,146,148,147,157,167,235,0
1809,255,231,257,250,253,255,234,253,249,254,1
1810,149,146,146,148,150,148,146,152,165,234,0
1811,253,241,252,243,256,254,238,255,248,251,1
1812,150,149,150,150,148,151,147,152,164,234,0
1813,258,241,247,247,248,254,242,251,252,256,1
1814,149,146,153,163,237,233,171,165,170,229,0
1815,254,236,249,249,250,255,241,255,254,252,1
1816,150,146,154,167,229,236,171,168,170,229,0
1817,251,234,247,251,253,253,241,255,251,253,1
1818,151,145,156,169,232,240,173,166,167,230,0
1819,251,234,250,248,255,250,241,250,252,252,1
1820,149,147,153,166,234,237,172,167,164,231,0
1821,253,242,255,250,252,253,236,255,255,254,1
1822,242,170,167,166,224,231,164,165,207,223,0
1823,254,236,255,254,256,252,230,250,247,252,1
1824,238,169,165,168,229,226,165,165,207,220,0
1825,254,244,256,252,255,256,232,247,255,255,1
1826,236,169,167,166,231,228,165,165,206,219,0
1827,253,240,253,252,257,251,234,249,252,250,1
1828,238,171,165,168,228,227,164,172,208,218,0
1829,253,236,252,250,260,257,250,248,253,258,1
1830,226,168,170,206,220,229,158,169,206,224,0
1831,257,236,250,258,254,258,249,252,254,255,1
1832,228,166,163,207,217,228,158,161,202,220,0
1833,251,234,246,253,253,250,248,252,251,246,1
1834,232,165,166,204,219,231,159,165,206,225,0
1835,253,234,249,254,257,255,251,253,257,254,1
1836,228,167,166,205,217,226,159,161,207,218,0
1837,256,253,250,252,256,256,254,249,253,251,1
1838,227,156,163,206,222,235,187,171,163,233,0
1839,252,249,249,250,250,259,260,247,249,252,1
1840,227,159,167,203,223,235,185,171,166,229,0
1841,257,248,248,251,250,254,250,253,251,256,1
1842,230,159,163,208,222,235,188,169,162,233,0
1843,255,251,251,249,246,253,255,256,251,249,1
1844,228,157,162,207,224,237,186,171,166,231,0
1845,254,257,254,249,254,255,251,251,251,254,1
1846,236,190,169,165,231,217,149,148,147,247,0
1847,255,256,252,254,254,255,250,253,251,254,1
1848,236,188,173,166,234,218,144,143,144,248,0
1849,254,251,254,249,252,255,248,259,252,255,1
1850,235,186,169,164,233,216,146,148,149,247,0
1851,255,254,257,250,252,255,251,253,251,255,1
1852,237,188,167,168,232,221,147,148,150,245,0
1853,252,249,248,250,252,254,242,253,249,250,1
1854,218,145,147,147,249,150,154,152,153,160,0
1855,255,253,248,254,251,250,242,248,250,256,1
1856,220,147,148,148,247,150,154,152,150,161,0
1857,252,249,248,248,255,253,243,248,253,252,1
1858,222,148,147,148,248,152,154,149,153,160,0
1859,256,249,246,246,255,247,249,246,251,254,1
1860,222,145,147,144,247,148,152,150,154,162,0
1861,254,241,246,248,250,255,238,257,251,260,1
1862,149,150,153,153,159,149,153,152,152,153,0
1863,253,242,246,255,257,249,239,257,252,254,1
1864,150,154,150,150,159,149,152,150,153,152,0
1865,251,243,248,250,255,248,242,254,250,247,1
1866,154,149,153,151,162,152,149,151,151,151,0
1867,247,246,248,247,254,253,242,255,245,260,1
1868,152,150,154,153,161,152,154,157,149,153,0
1869,249,242,256,248,255,254,246,243,249,253,1
1870,156,152,151,151,153,157,151,159,153,154,0
1871,251,241,255,247,253,256,253,252,252,253,1
1872,153,152,154,152,153,156,151,159,155,160,0
1873,250,242,255,252,251,251,250,251,258,252,1
1874,153,149,154,151,153,155,150,161,156,162,0
1875,248,239,253,246,256,254,252,250,252,249,1
1876,151,154,152,156,152,157,149,159,155,157,0
1877,250,250,250,253,254,254,236,255,251,253,1
1878,155,151,157,157,159,158,156,155,155,153,0
1879,255,252,252,258,254,253,239,248,251,256,1
1880,157,152,159,158,160,152,156,151,154,152,0
1881,249,252,249,257,254,256,234,249,255,252,1
1882,156,150,158,156,159,157,155,155,155,154,0
1883,254,249,253,255,253,258,234,250,251,253,1
1884,156,150,163,157,158,153,155,153,155,156,0
1885,260,233,250,255,253,255,235,248,249,257,1
1886,157,157,156,154,157,154,154,158,161,154,0
1887,256,231,252,255,254,255,241,247,255,255,1
1888,157,156,153,155,155,155,152,157,164,156,0
1889,253,235,242,252,255,259,237,245,249,250,1
1890,156,156,152,153,156,154,153,159,160,156,0
1891,256,240,247,247,251,252,237,244,248,256,1
1892,154,156,156,153,156,152,155,157,160,154,0
1893,256,241,242,246,255,252,232,252,247,251,1
1894,155,154,158,159,154,155,157,160,159,149,0
1895,257,238,247,250,255,257,233,257,253,252,1
1896,155,151,157,158,155,158,155,157,156,147,0
1897,254,239,246,247,257,254,236,249,250,258,1
1898,151,156,159,161,155,154,155,156,157,148,0
1899,259,237,244,251,257,258,232,246,247,255,1
1900,152,156,159,160,156,157,155,156,156,146,0
1901,256,234,249,253,252,254,248,251,253,249,1
1902,154,155,159,156,150,148,145,148,146,147,0
1903,253,235,250,251,255,251,249,250,253,257,1
1904,153,154,155,157,149,147,147,150,147,145,0
1905,255,235,249,257,256,251,249,251,253,251,1
1906,152,154,157,156,145,146,144,146,144,144,0
1907,254,237,250,246,257,251,248,251,252,252,1
1908,156,154,158,157,149,146,146,144,149,145,0
1909,249,251,250,255,251,254,235,246,253,255,1
1910,147,146,146,143,142,146,146,145,147,148,0
1911,257,250,251,256,254,255,233,256,253,249,1
1912,146,147,147,147,145,145,148,147,148,147,0
1913,252,248,246,252,257,257,230,251,254,250,1
1914,146,145,146,148,147,143,148,145,145,148,0
1915,249,248,248,251,255,251,230,248,252,252,1
1916,146,145,147,145,144,144,143,148,148,149,0
1917,252,235,249,251,255,249,231,252,253,258,1
1918,143,147,145,149,145,148,148,162,155,154,0
1919,249,232,248,254,251,247,230,251,248,251,1
1920,147,143,145,150,150,150,150,160,156,150,0
1921,249,229,249,255,255,254,223,251,251,255,1
1922,142,146,144,151,147,147,148,159,158,151,0
1923,256,229,250,254,255,252,228,249,252,252,1
1924,147,145,143,147,149,148,151,161,156,152,0
1925,248,222,251,245,257,250,229,245,253,252,1
1926,147,149,160,155,153,146,145,144,146,147,0
1927,246,227,249,250,254,256,229,243,253,248,1
1928,148,148,161,156,152,143,147,144,150,150,0
1929,251,230,251,249,258,255,224,246,248,250,1
1930,146,150,162,158,151,145,145,142,149,149,0
1931,251,227,244,248,254,257,228,246,254,249,1
1932,149,153,161,159,152,146,142,144,144,149,0
1933,254,226,243,253,250,251,231,248,254,261,1
1934,144,145,142,146,149,146,148,143,142,143,0
1935,256,227,247,253,256,252,230,247,250,254,1
1936,144,144,141,148,149,146,146,144,144,141,0
1937,257,231,245,250,249,252,229,249,253,251,1
1938,145,146,142,148,146,148,144,147,145,143,0
1939,251,226,243,251,250,250,232,253,258,256,1
1940,146,144,143,147,151,147,149,144,144,143,0
1941,248,229,254,253,252,251,228,251,250,254,1
1942,146,145,144,143,143,152,148,163,159,155,0
1943,249,229,254,251,254,248,231,244,246,254,1
1944,148,146,142,143,141,155,145,162,159,156,0
1945,252,230,251,249,253,252,231,247,249,249,1
1946,149,147,144,144,144,155,149,166,157,153,0
1947,249,230,247,248,256,256,233,244,247,258,1
1948,147,145,145,141,140,151,146,163,160,153,0
1949,254,230,247,249,257,251,227,240,251,254,1
1950,152,149,165,160,155,147,147,148,149,147,0
1951,252,233,245,244,254,244,228,238,254,253,1
1952,150,150,163,162,150,143,146,148,148,146,0
1953,251,227,249,246,254,251,229,241,250,253,1
1954,150,146,163,162,152,143,147,146,148,148,0
1955,251,233,244,246,251,248,227,235,252,249,1
1956,153,149,163,161,154,144,147,144,146,145,0
1957,252,230,236,252,253,244,243,250,248,258,1
1958,145,147,147,146,147,148,149,148,150,150,0
1959,253,224,237,252,252,252,242,247,247,256,1
1960,143,147,149,148,147,150,148,149,145,149,0
1961,251,230,239,249,253,247,243,250,253,253,1
1962,143,146,147,145,146,146,148,148,149,148,0
1963,246,229,235,252,251,249,246,252,249,250,1
1964,145,149,149,148,148,148,149,147,149,148,0
1965,247,245,253,251,254,252,246,250,240,252,1
1966,150,148,149,149,148,147,158,160,156,151,0
1967,248,248,246,247,248,250,246,250,250,253,1
1968,150,149,150,148,149,147,161,159,158,151,0
1969,248,245,250,253,253,249,249,246,244,256,1
1970,150,149,148,147,149,148,164,160,159,149,0
1971,245,246,248,249,251,252,251,251,248,255,1
1972,146,151,148,148,149,147,165,161,158,149,0
1973,246,246,251,244,254,248,246,229,243,254,1
1974,148,164,159,158,150,154,153,151,153,151,0
1975,251,246,251,244,252,251,238,232,247,250,1
1976,150,164,158,159,149,149,151,155,151,153,0
1977,250,247,249,246,249,258,245,226,249,251,1
1978,149,159,158,160,150,151,152,151,151,152,0
1979,253,244,252,244,257,250,247,229,248,251,1
1980,148,162,161,156,151,152,152,149,154,152,0
1981,256,243,228,240,249,248,228,236,249,255,1
1982,154,154,151,152,151,145,143,143,143,144,0
1983,256,245,229,244,251,245,234,239,245,256,1
1984,154,151,151,155,150,150,145,143,143,142,0
1985,251,240,228,245,253,245,229,242,248,257,1
1986,149,153,152,150,153,146,144,147,146,145,0
1987,252,243,233,248,249,249,227,236,244,253,1
1988,152,153,152,155,153,146,147,144,146,143,0
1989,249,231,242,242,254,254,243,245,242,251,1
1990,149,143,145,144,145,150,160,153,152,155,0
1991,243,225,241,247,254,251,247,248,239,253,1
1992,146,144,144,143,144,149,156,150,151,156,0
1993,248,225,237,245,255,249,244,240,243,255,1
1994,148,145,144,143,144,151,158,150,151,156,0
1995,247,227,240,249,250,253,245,248,247,251,1
1996,147,144,144,144,144,150,158,151,151,152,0
1997,248,247,246,243,254,249,217,233,252,243,1
1998,148,152,149,149,155,150,144,144,147,144,0
1999,254,243,242,245,248,248,214,235,250,246,1
2000,150,151,153,153,156,150,146,144,148,145,0
2001,251,243,246,241,253,253,224,237,246,247,1
2002,150,157,157,150,155,151,143,147,149,145,0
2003,254,243,241,244,257,250,223,232,251,244,1
2004,149,157,151,153,151,154,142,144,151,145,0
2005,251,220,234,252,247,253,248,218,246,252,1
2006,152,143,144,149,143,149,151,150,151,150,0
2007,250,219,235,250,247,254,249,224,246,254,1
2008,149,144,144,149,145,150,151,152,154,150,0
2009,256,221,238,254,250,249,246,221,245,252,1
2010,152,143,142,150,145,148,152,150,152,149,0
2011,250,219,233,250,247,249,245,219,246,253,1
2012,154,146,144,147,142,152,152,153,150,146,0
2013,256,247,221,248,253,248,234,240,243,252,1
2014,152,151,150,152,151,180,143,147,149,147,0
2015,253,248,218,248,252,248,227,241,243,248,1
2016,152,152,148,152,146,179,143,147,149,147,0
2017,252,246,222,247,250,250,227,242,244,249,1
2018,154,154,151,151,149,177,143,149,146,148,0
2019,255,246,214,251,251,248,231,238,245,251,1
2020,149,153,152,151,148,182,143,147,149,148,0
2021,246,230,242,246,246,245,226,245,250,248,1
2022,180,143,149,149,145,149,146,143,147,147,0
2023,248,232,240,244,247,249,227,244,251,250,1
2024,179,140,149,149,146,148,149,147,143,149,0
2025,252,227,243,247,248,248,223,246,251,246,1
2026,181,144,149,150,149,149,147,145,148,147,0
2027,251,230,240,246,245,246,225,246,246,246,1
2028,178,144,146,149,150,153,146,144,147,148,0
2029,254,227,246,251,252,251,228,245,251,254,1
2030,151,143,146,146,148,240,200,200,223,232,0
2031,247,226,241,251,245,256,230,245,249,254,1
2032,149,147,145,147,145,237,198,201,224,233,0
2033,249,226,247,248,245,254,228,247,250,254,1
2034,150,146,146,148,149,236,196,197,226,236,0
2035,252,230,247,253,243,255,231,246,254,251,1
2036,148,147,146,146,147,239,198,201,225,233,0
2037,248,233,244,247,254,255,227,233,249,256,1
2038,238,198,201,224,231,230,162,193,214,222,0
2039,255,233,250,246,251,251,225,232,248,254,1
2040,237,192,198,225,233,237,164,192,211,220,0
2041,253,229,248,249,257,254,227,231,255,253,1
2042,238,198,199,225,232,233,164,194,211,220,0
2043,254,232,248,251,254,255,230,231,247,250,1
2044,237,197,203,225,239,238,162,195,215,220,0
2045,255,224,235,246,255,250,229,230,247,250,1
2046,231,163,195,214,220,213,201,191,211,229,0
2047,257,227,233,249,257,249,230,230,244,247,1
2048,235,167,197,212,218,215,202,191,208,227,0
2049,257,231,237,248,249,252,234,234,248,248,1
2050,237,164,196,213,221,219,197,192,213,231,0
2051,253,231,237,249,254,253,233,230,248,249,1
2052,228,162,193,213,219,215,199,190,213,230,0
2053,248,232,229,245,249,255,228,242,237,251,1
2054,213,195,190,209,229,230,189,190,197,220,0
2055,249,230,229,245,248,255,223,236,242,255,1
2056,214,200,192,211,230,225,188,189,195,223,0
2057,250,236,230,245,250,251,221,235,238,251,1
2058,215,198,191,208,231,227,187,191,199,217,0
2059,251,232,231,246,249,257,223,234,236,258,1
2060,215,201,190,211,229,229,183,190,197,222,0
2061,256,224,238,238,253,254,239,237,249,249,1
2062,225,185,193,194,222,214,203,210,192,212,0
2063,254,222,230,243,253,249,239,237,250,257,1
2064,226,187,191,194,222,212,203,208,195,217,0
2065,254,225,237,238,252,259,241,236,248,249,1
2066,227,181,189,197,224,215,203,204,190,213,0
2067,255,227,236,238,251,251,243,237,254,253,1
2068,224,186,191,195,220,211,205,207,193,212,0
2069,253,239,240,250,255,253,243,237,257,250,1
2070,211,203,210,193,212,212,179,181,235,236,0
2071,254,238,235,247,248,254,245,235,255,255,1
2072,211,202,209,196,216,215,179,180,236,239,0
2073,253,241,236,248,253,256,243,237,255,255,1
2074,213,206,207,193,211,210,175,180,239,237,0
2075,255,240,237,248,252,260,246,241,257,253,1
2076,211,202,209,194,216,214,177,178,237,235,0
2077,255,240,235,254,245,251,228,233,239,254,1
2078,210,182,177,239,236,236,175,162,168,201,0
2079,252,243,233,252,253,258,225,240,239,253,1
2080,216,180,180,239,237,235,173,160,173,196,0
2081,258,244,239,252,251,250,230,235,242,251,1
2082,212,180,177,236,237,234,175,162,166,197,0
2083,254,238,239,257,251,254,227,237,238,257,1
2084,214,185,177,241,236,240,176,163,164,198,0
2085,253,226,238,236,252,250,245,229,246,253,1
2086,236,175,163,170,196,198,198,162,166,228,0
2087,256,227,239,238,254,256,246,228,244,252,1
2088,236,175,160,168,202,197,201,162,168,227,0
2089,252,225,235,248,253,252,244,224,238,253,1
2090,234,176,163,164,195,195,196,165,171,226,0
2091,257,228,236,236,249,251,249,231,244,253,1
2092,234,178,159,171,199,195,196,159,166,224,0
2093,256,249,228,236,259,251,227,212,232,247,1
2094,197,198,163,165,229,251,198,173,163,201,0
2095,252,249,227,245,252,252,231,214,225,248,1
2096,197,195,163,169,228,250,195,175,165,201,0
2097,252,249,229,237,248,250,231,216,230,246,1
2098,195,202,165,163,230,251,195,172,165,205,0
2099,253,246,232,240,253,251,228,211,229,252,1
2100,194,196,162,166,229,251,194,169,163,208,0
