,1,2,3,4,5,6,7,8,9,10,11,12,13,14,15,16,17,18,19,20,21,22,23,24,25,26,27,28,29,30,31,32,33,34,35,36,37,38,39,40,41,42,43,44,45,46,47,48,49,50,51,52,53,54,55,56,57,58,59,60,61,62,63,64,65,66,67,68,69,70,71,72,73,74,75,76,77,78,79,80,Species
1,254,244,248,254,254,254,232,206,213,254,254,254,196,253,254,254,228,209,254,254,254,231,254,254,254,254,244,253,254,254,254,254,170,235,254,254,245,247,253,254,254,254,171,254,254,254,244,244,252,254,254,253,239,239,254,254,243,240,248,254,254,215,222,254,254,254,254,242,242,254,254,230,246,246,254,254,202,222,222,254,1
2,227,230,239,252,247,245,244,251,252,253,248,244,253,253,251,247,247,252,252,251,231,232,252,244,244,235,235,247,249,250,238,240,250,250,250,242,244,250,249,247,244,245,250,248,245,242,242,242,251,251,248,248,240,240,249,243,243,250,251,250,250,245,244,245,249,245,246,251,251,253,251,253,254,252,252,250,250,251,251,251,0
3,251,222,240,251,251,250,251,225,223,249,252,235,215,246,246,247,209,242,249,249,249,226,220,250,249,240,212,245,251,250,249,219,237,251,252,252,222,238,246,248,250,214,235,242,242,242,214,244,251,251,252,217,240,254,254,250,243,215,248,251,249,237,218,250,252,250,225,230,245,254,254,254,217,253,253,253,253,223,241,252,1
4,123,94,94,125,125,137,147,102,92,92,136,93,93,93,93,97,93,93,94,94,93,93,93,95,139,93,92,94,94,100,94,94,97,99,137,99,98,98,98,99,120,98,98,97,97,97,99,98,143,143,133,98,98,98,98,98,139,98,98,145,153,98,98,102,138,101,101,101,99,114,134,120,102,155,155,127,104,99,102,158,0
5,250,251,225,223,249,252,235,215,246,246,247,209,242,249,249,249,226,220,250,249,240,212,245,251,250,249,219,237,251,252,252,222,238,246,248,250,214,235,242,242,242,214,244,251,251,252,217,240,254,254,250,243,215,248,251,249,237,218,250,252,250,225,230,245,254,254,254,217,253,253,253,253,223,241,252,249,230,225,245,245,1
6,137,147,102,92,92,136,93,93,93,93,97,93,93,94,94,93,93,93,95,139,93,92,94,94,100,94,94,97,99,137,99,98,98,98,99,120,98,98,97,97,97,99,98,143,143,133,98,98,98,98,98,139,98,98,145,153,98,98,102,138,101,101,101,99,114,134,120,102,155,155,127,104,99,102,158,137,92,92,97,97,0
7,252,235,215,246,246,247,209,242,249,249,249,226,220,250,249,240,212,245,251,250,249,219,237,251,252,252,222,238,246,248,250,214,235,242,242,242,214,244,251,251,252,217,240,254,254,250,243,215,248,251,249,237,218,250,252,250,225,230,245,254,254,254,217,253,253,253,253,223,241,252,249,230,225,245,245,254,235,220,248,248,1
8,136,93,93,93,93,97,93,93,94,94,93,93,93,95,139,93,92,94,94,100,94,94,97,99,137,99,98,98,98,99,120,98,98,97,97,97,99,98,143,143,133,98,98,98,98,98,139,98,98,145,153,98,98,102,138,101,101,101,99,114,134,120,102,155,155,127,104,99,102,158,137,92,92,97,97,92,92,92,92,92,0
9,247,209,242,249,249,249,226,220,250,249,240,212,245,251,250,249,219,237,251,252,252,222,238,246,248,250,214,235,242,242,242,214,244,251,251,252,217,240,254,254,250,243,215,248,251,249,237,218,250,252,250,225,230,245,254,254,254,217,253,253,253,253,223,241,252,249,230,225,245,245,254,235,220,248,248,248,229,226,250,250,1
10,97,93,93,94,94,93,93,93,95,139,93,92,94,94,100,94,94,97,99,137,99,98,98,98,99,120,98,98,97,97,97,99,98,143,143,133,98,98,98,98,98,139,98,98,145,153,98,98,102,138,101,101,101,99,114,134,120,102,155,155,127,104,99,102,158,137,92,92,97,97,92,92,92,92,92,92,92,92,92,92,0
11,135,83,62,95,157,177,160,105,154,172,186,149,165,175,191,191,155,148,159,159,213,183,181,206,206,194,128,154,169,187,195,173,160,157,173,186,133,160,159,186,192,171,168,176,205,207,166,170,167,186,187,166,156,168,177,178,158,147,152,180,185,155,160,161,172,192,159,153,158,174,186,160,157,160,170,179,152,152,154,185,1
12,254,254,254,253,254,254,254,254,254,254,254,254,254,254,254,254,254,254,254,254,254,254,254,254,254,254,254,254,254,254,254,254,254,254,254,254,254,254,254,254,254,251,249,254,254,254,254,254,254,254,254,254,254,254,254,254,254,254,254,254,254,254,254,254,254,254,254,254,254,254,254,254,254,254,254,254,254,254,254,254,0
13,250,196,150,160,254,253,176,159,175,221,207,148,139,170,204,253,216,199,217,230,173,133,120,139,181,167,143,128,145,249,187,146,167,169,204,168,130,125,130,168,150,126,128,169,169,204,212,179,186,190,159,136,126,129,147,180,144,150,175,175,150,138,135,142,142,163,143,138,156,156,149,117,121,180,180,142,118,112,125,171,1
14,254,254,252,254,254,254,254,254,254,254,254,243,253,254,254,254,247,254,254,254,254,254,254,254,254,254,253,253,254,254,254,254,254,254,254,254,254,254,254,255,254,253,253,254,254,254,254,254,254,254,254,254,254,254,254,255,254,254,254,254,254,254,254,254,254,254,254,254,254,254,254,254,254,254,254,254,254,254,254,254,0
15,253,176,159,175,221,207,148,139,170,204,253,216,199,217,230,173,133,120,139,181,167,143,128,145,249,187,146,167,169,204,168,130,125,130,168,150,126,128,169,169,204,212,179,186,190,159,136,126,129,147,180,144,150,175,175,150,138,135,142,142,163,143,138,156,156,149,117,121,180,180,142,118,112,125,171,156,118,118,155,155,1
16,254,254,254,254,254,254,243,253,254,254,254,247,254,254,254,254,254,254,254,254,254,253,253,254,254,254,254,254,254,254,254,254,254,254,255,254,253,253,254,254,254,254,254,254,254,254,254,254,254,254,255,254,254,254,254,254,254,254,254,254,254,254,254,254,254,254,254,254,254,254,254,254,254,254,254,254,254,254,254,254,0
17,207,148,139,170,204,253,216,199,217,230,173,133,120,139,181,167,143,128,145,249,187,146,167,169,204,168,130,125,130,168,150,126,128,169,169,204,212,179,186,190,159,136,126,129,147,180,144,150,175,175,150,138,135,142,142,163,143,138,156,156,149,117,121,180,180,142,118,112,125,171,156,118,118,155,155,142,107,107,112,164,1
18,254,243,253,254,254,254,247,254,254,254,254,254,254,254,254,254,253,253,254,254,254,254,254,254,254,254,254,254,254,255,254,253,253,254,254,254,254,254,254,254,254,254,254,254,254,255,254,254,254,254,254,254,254,254,254,254,254,254,254,254,254,254,254,254,254,254,254,254,254,254,254,254,254,254,254,254,254,254,254,254,0
19,253,216,199,217,230,173,133,120,139,181,167,143,128,145,249,187,146,167,169,204,168,130,125,130,168,150,126,128,169,169,204,212,179,186,190,159,136,126,129,147,180,144,150,175,175,150,138,135,142,142,163,143,138,156,156,149,117,121,180,180,142,118,112,125,171,156,118,118,155,155,142,107,107,112,164,171,144,138,142,182,1
20,254,247,254,254,254,254,254,254,254,254,254,253,253,254,254,254,254,254,254,254,254,254,254,254,255,254,253,253,254,254,254,254,254,254,254,254,254,254,254,254,255,254,254,254,254,254,254,254,254,254,254,254,254,254,254,254,254,254,254,254,254,254,254,254,254,254,254,254,254,254,254,254,254,254,254,254,254,254,254,254,0
21,224,200,144,136,225,237,224,134,145,234,251,158,145,186,250,245,192,141,137,230,243,181,142,145,230,219,125,123,175,218,230,181,121,141,186,245,136,143,147,206,233,140,136,136,215,219,113,118,144,184,241,138,136,139,222,189,122,122,131,171,246,187,163,175,211,227,177,142,175,226,176,157,103,108,218,211,147,114,183,183,1
22,230,230,233,232,232,231,231,231,234,233,234,234,235,235,234,233,233,235,234,234,232,234,233,233,234,233,233,233,234,233,235,235,235,235,235,235,235,235,237,234,233,233,234,235,236,231,231,233,233,235,236,230,232,232,238,249,226,231,233,236,232,233,234,234,234,234,233,233,235,238,236,235,234,232,232,239,230,232,237,237,0
23,237,224,134,145,234,251,158,145,186,250,245,192,141,137,230,243,181,142,145,230,219,125,123,175,218,230,181,121,141,186,245,136,143,147,206,233,140,136,136,215,219,113,118,144,184,241,138,136,139,222,189,122,122,131,171,246,187,163,175,211,227,177,142,175,226,176,157,103,108,218,211,147,114,183,183,211,120,110,116,167,1
24,231,231,231,234,233,234,234,235,235,234,233,233,235,234,234,232,234,233,233,234,233,233,233,234,233,235,235,235,235,235,235,235,235,237,234,233,233,234,235,236,231,231,233,233,235,236,230,232,232,238,249,226,231,233,236,232,233,234,234,234,234,233,233,235,238,236,235,234,232,232,239,230,232,237,237,234,234,234,234,233,0
25,251,158,145,186,250,245,192,141,137,230,243,181,142,145,230,219,125,123,175,218,230,181,121,141,186,245,136,143,147,206,233,140,136,136,215,219,113,118,144,184,241,138,136,139,222,189,122,122,131,171,246,187,163,175,211,227,177,142,175,226,176,157,103,108,218,211,147,114,183,183,211,120,110,116,167,177,145,110,140,196,1
26,234,234,235,235,234,233,233,235,234,234,232,234,233,233,234,233,233,233,234,233,235,235,235,235,235,235,235,235,237,234,233,233,234,235,236,231,231,233,233,235,236,230,232,232,238,249,226,231,233,236,232,233,234,234,234,234,233,233,235,238,236,235,234,232,232,239,230,232,237,237,234,234,234,234,233,235,233,235,234,234,0
27,245,192,141,137,230,243,181,142,145,230,219,125,123,175,218,230,181,121,141,186,245,136,143,147,206,233,140,136,136,215,219,113,118,144,184,241,138,136,139,222,189,122,122,131,171,246,187,163,175,211,227,177,142,175,226,176,157,103,108,218,211,147,114,183,183,211,120,110,116,167,177,145,110,140,196,163,124,109,99,148,1
28,233,233,235,234,234,232,234,233,233,234,233,233,233,234,233,235,235,235,235,235,235,235,235,237,234,233,233,234,235,236,231,231,233,233,235,236,230,232,232,238,249,226,231,233,236,232,233,234,234,234,234,233,233,235,238,236,235,234,232,232,239,230,232,237,237,234,234,234,234,233,235,233,235,234,234,235,232,233,233,233,0
29,243,181,142,145,230,219,125,123,175,218,230,181,121,141,186,245,136,143,147,206,233,140,136,136,215,219,113,118,144,184,241,138,136,139,222,189,122,122,131,171,246,187,163,175,211,227,177,142,175,226,176,157,103,108,218,211,147,114,183,183,211,120,110,116,167,177,145,110,140,196,163,124,109,99,148,143,93,99,122,149,1
30,232,234,233,233,234,233,233,233,234,233,235,235,235,235,235,235,235,235,237,234,233,233,234,235,236,231,231,233,233,235,236,230,232,232,238,249,226,231,233,236,232,233,234,234,234,234,233,233,235,238,236,235,234,232,232,239,230,232,237,237,234,234,234,234,233,235,233,235,234,234,235,232,233,233,233,246,230,237,230,247,0
31,219,125,123,175,218,230,181,121,141,186,245,136,143,147,206,233,140,136,136,215,219,113,118,144,184,241,138,136,139,222,189,122,122,131,171,246,187,163,175,211,227,177,142,175,226,176,157,103,108,218,211,147,114,183,183,211,120,110,116,167,177,145,110,140,196,163,124,109,99,148,143,93,99,122,149,140,105,97,93,127,1
32,233,233,233,234,233,235,235,235,235,235,235,235,235,237,234,233,233,234,235,236,231,231,233,233,235,236,230,232,232,238,249,226,231,233,236,232,233,234,234,234,234,233,233,235,238,236,235,234,232,232,239,230,232,237,237,234,234,234,234,233,235,233,235,234,234,235,232,233,233,233,246,230,237,230,247,238,231,232,233,243,0
33,157,84,72,83,136,157,119,106,115,156,155,123,124,127,148,152,130,120,120,153,143,107,126,117,126,133,79,82,76,101,113,84,66,78,85,112,84,95,91,98,145,132,124,120,144,155,133,133,138,157,164,149,141,140,155,170,159,143,152,159,147,147,139,138,162,159,143,141,137,149,164,142,144,146,154,156,139,143,145,151,1
34,254,254,254,254,254,254,254,254,254,254,254,254,254,254,254,254,254,254,254,254,254,254,254,254,254,254,254,254,254,254,254,254,254,254,254,254,254,254,254,254,254,254,254,254,254,254,254,254,254,254,254,254,254,254,254,254,254,254,254,254,254,254,254,254,254,254,254,254,254,254,254,254,254,254,254,254,254,254,254,254,0
35,157,119,106,115,156,155,123,124,127,148,152,130,120,120,153,143,107,126,117,126,133,79,82,76,101,113,84,66,78,85,112,84,95,91,98,145,132,124,120,144,155,133,133,138,157,164,149,141,140,155,170,159,143,152,159,147,147,139,138,162,159,143,141,137,149,164,142,144,146,154,156,139,143,145,151,164,140,138,127,149,1
36,254,254,254,254,254,254,254,254,254,254,254,254,254,254,254,254,254,254,254,254,254,254,254,254,254,254,254,254,254,254,254,254,254,254,254,254,254,254,254,254,254,254,254,254,254,254,254,254,254,254,254,254,254,254,254,254,254,254,254,254,254,254,254,254,254,254,254,254,254,254,254,254,254,254,254,254,254,254,254,254,0
37,155,123,124,127,148,152,130,120,120,153,143,107,126,117,126,133,79,82,76,101,113,84,66,78,85,112,84,95,91,98,145,132,124,120,144,155,133,133,138,157,164,149,141,140,155,170,159,143,152,159,147,147,139,138,162,159,143,141,137,149,164,142,144,146,154,156,139,143,145,151,164,140,138,127,149,168,150,141,141,166,1
38,254,254,254,254,254,254,254,254,254,254,254,254,254,254,254,254,254,254,254,254,254,254,254,254,254,254,254,254,254,254,254,254,254,254,254,254,254,254,254,254,254,254,254,254,254,254,254,254,254,254,254,254,254,254,254,254,254,254,254,254,254,254,254,254,254,254,254,254,254,254,254,254,254,254,254,254,254,254,254,254,0
39,152,130,120,120,153,143,107,126,117,126,133,79,82,76,101,113,84,66,78,85,112,84,95,91,98,145,132,124,120,144,155,133,133,138,157,164,149,141,140,155,170,159,143,152,159,147,147,139,138,162,159,143,141,137,149,164,142,144,146,154,156,139,143,145,151,164,140,138,127,149,168,150,141,141,166,168,138,130,138,146,1
40,254,254,254,254,254,254,254,254,254,254,254,254,254,254,254,254,254,254,254,254,254,254,254,254,254,254,254,254,254,254,254,254,254,254,254,254,254,254,254,254,254,254,254,254,254,254,254,254,254,254,254,254,254,254,254,254,254,254,254,254,254,254,254,254,254,254,254,254,254,254,254,254,254,254,254,254,254,254,254,254,0
41,143,107,126,117,126,133,79,82,76,101,113,84,66,78,85,112,84,95,91,98,145,132,124,120,144,155,133,133,138,157,164,149,141,140,155,170,159,143,152,159,147,147,139,138,162,159,143,141,137,149,164,142,144,146,154,156,139,143,145,151,164,140,138,127,149,168,150,141,141,166,168,138,130,138,146,169,136,143,141,163,1
42,254,254,254,254,254,254,254,254,254,254,254,254,254,254,254,254,254,254,254,254,254,254,254,254,254,254,254,254,254,254,254,254,254,254,254,254,254,254,254,254,254,254,254,254,254,254,254,254,254,254,254,254,254,254,254,254,254,254,254,254,254,254,254,254,254,254,254,254,254,254,254,254,254,254,254,254,254,254,254,254,0
43,133,79,82,76,101,113,84,66,78,85,112,84,95,91,98,145,132,124,120,144,155,133,133,138,157,164,149,141,140,155,170,159,143,152,159,147,147,139,138,162,159,143,141,137,149,164,142,144,146,154,156,139,143,145,151,164,140,138,127,149,168,150,141,141,166,168,138,130,138,146,169,136,143,141,163,157,144,136,143,154,1
44,254,254,254,254,254,254,254,254,254,254,254,254,254,254,254,254,254,254,254,254,254,254,254,254,254,254,254,254,254,254,254,254,254,254,254,254,254,254,254,254,254,254,254,254,254,254,254,254,254,254,254,254,254,254,254,254,254,254,254,254,254,254,254,254,254,254,254,254,254,254,254,254,254,254,254,254,254,254,254,254,0
45,113,84,66,78,85,112,84,95,91,98,145,132,124,120,144,155,133,133,138,157,164,149,141,140,155,170,159,143,152,159,147,147,139,138,162,159,143,141,137,149,164,142,144,146,154,156,139,143,145,151,164,140,138,127,149,168,150,141,141,166,168,138,130,138,146,169,136,143,141,163,157,144,136,143,154,166,133,130,140,149,1
46,254,254,254,254,254,254,254,254,254,254,254,254,254,254,254,254,254,254,254,254,254,254,254,254,254,254,254,254,254,254,254,254,254,254,254,254,254,254,254,254,254,254,254,254,254,254,254,254,254,254,254,254,254,254,254,254,254,254,254,254,254,254,254,254,254,254,254,254,254,254,254,254,254,254,254,254,254,254,254,254,0
47,112,84,95,91,98,145,132,124,120,144,155,133,133,138,157,164,149,141,140,155,170,159,143,152,159,147,147,139,138,162,159,143,141,137,149,164,142,144,146,154,156,139,143,145,151,164,140,138,127,149,168,150,141,141,166,168,138,130,138,146,169,136,143,141,163,157,144,136,143,154,166,133,130,140,149,185,157,153,144,151,1
48,254,254,254,254,254,254,254,254,254,254,254,254,254,254,254,254,254,254,254,254,254,254,254,254,254,254,254,254,254,254,254,254,254,254,254,254,254,254,254,254,254,254,254,254,254,254,254,254,254,254,254,254,254,254,254,254,254,254,254,254,254,254,254,254,254,254,254,254,254,254,254,254,254,254,254,254,254,254,254,254,0
49,242,197,208,221,220,178,156,152,157,177,200,152,160,169,183,194,160,158,163,182,168,159,163,166,177,199,170,169,184,188,178,164,173,169,183,178,164,170,182,189,201,172,167,180,234,247,220,193,207,212,220,181,163,157,161,187,158,161,157,183,170,171,168,164,184,150,125,125,121,135,134,98,111,121,131,178,189,200,187,179,1
50,253,254,253,253,253,254,254,254,254,254,254,254,254,254,254,254,254,254,254,254,254,254,254,254,254,254,253,253,254,254,254,254,252,253,254,253,254,254,254,254,254,252,254,254,254,254,254,252,250,251,250,251,252,254,254,254,254,254,254,254,254,254,254,254,254,254,254,254,254,254,254,254,254,254,254,254,254,254,254,254,0
51,178,156,152,157,177,200,152,160,169,183,194,160,158,163,182,168,159,163,166,177,199,170,169,184,188,178,164,173,169,183,178,164,170,182,189,201,172,167,180,234,247,220,193,207,212,220,181,163,157,161,187,158,161,157,183,170,171,168,164,184,150,125,125,121,135,134,98,111,121,131,178,189,200,187,179,164,142,122,141,152,1
52,254,254,254,254,254,254,254,254,254,254,254,254,254,254,254,254,254,254,254,254,254,253,253,254,254,254,254,252,253,254,253,254,254,254,254,254,252,254,254,254,254,254,252,250,251,250,251,252,254,254,254,254,254,254,254,254,254,254,254,254,254,254,254,254,254,254,254,254,254,254,254,254,254,254,254,254,254,254,254,254,0
53,200,152,160,169,183,194,160,158,163,182,168,159,163,166,177,199,170,169,184,188,178,164,173,169,183,178,164,170,182,189,201,172,167,180,234,247,220,193,207,212,220,181,163,157,161,187,158,161,157,183,170,171,168,164,184,150,125,125,121,135,134,98,111,121,131,178,189,200,187,179,164,142,122,141,152,143,121,130,133,146,1
54,254,254,254,254,254,254,254,254,254,254,254,254,254,254,254,254,253,253,254,254,254,254,252,253,254,253,254,254,254,254,254,252,254,254,254,254,254,252,250,251,250,251,252,254,254,254,254,254,254,254,254,254,254,254,254,254,254,254,254,254,254,254,254,254,254,254,254,254,254,254,254,254,254,254,254,254,253,254,254,254,0
55,194,160,158,163,182,168,159,163,166,177,199,170,169,184,188,178,164,173,169,183,178,164,170,182,189,201,172,167,180,234,247,220,193,207,212,220,181,163,157,161,187,158,161,157,183,170,171,168,164,184,150,125,125,121,135,134,98,111,121,131,178,189,200,187,179,164,142,122,141,152,143,121,130,133,146,137,40,61,66,133,1
56,254,254,254,254,254,254,254,254,254,254,254,253,253,254,254,254,254,252,253,254,253,254,254,254,254,254,252,254,254,254,254,254,252,250,251,250,251,252,254,254,254,254,254,254,254,254,254,254,254,254,254,254,254,254,254,254,254,254,254,254,254,254,254,254,254,254,254,254,254,254,254,253,254,254,254,254,254,254,254,254,0
57,168,159,163,166,177,199,170,169,184,188,178,164,173,169,183,178,164,170,182,189,201,172,167,180,234,247,220,193,207,212,220,181,163,157,161,187,158,161,157,183,170,171,168,164,184,150,125,125,121,135,134,98,111,121,131,178,189,200,187,179,164,142,122,141,152,143,121,130,133,146,137,40,61,66,133,144,107,58,82,136,1
58,254,254,254,254,254,254,253,253,254,254,254,254,252,253,254,253,254,254,254,254,254,252,254,254,254,254,254,252,250,251,250,251,252,254,254,254,254,254,254,254,254,254,254,254,254,254,254,254,254,254,254,254,254,254,254,254,254,254,254,254,254,254,254,254,254,254,253,254,254,254,254,254,254,254,254,254,254,254,254,254,0
59,199,170,169,184,188,178,164,173,169,183,178,164,170,182,189,201,172,167,180,234,247,220,193,207,212,220,181,163,157,161,187,158,161,157,183,170,171,168,164,184,150,125,125,121,135,134,98,111,121,131,178,189,200,187,179,164,142,122,141,152,143,121,130,133,146,137,40,61,66,133,144,107,58,82,136,162,141,140,141,167,1
60,254,253,253,254,254,254,254,252,253,254,253,254,254,254,254,254,252,254,254,254,254,254,252,250,251,250,251,252,254,254,254,254,254,254,254,254,254,254,254,254,254,254,254,254,254,254,254,254,254,254,254,254,254,254,254,254,254,254,254,254,254,253,254,254,254,254,254,254,254,254,254,254,254,254,254,254,254,254,254,254,0
61,178,164,173,169,183,178,164,170,182,189,201,172,167,180,234,247,220,193,207,212,220,181,163,157,161,187,158,161,157,183,170,171,168,164,184,150,125,125,121,135,134,98,111,121,131,178,189,200,187,179,164,142,122,141,152,143,121,130,133,146,137,40,61,66,133,144,107,58,82,136,162,141,140,141,167,169,143,142,147,170,1
62,254,254,252,253,254,253,254,254,254,254,254,252,254,254,254,254,254,252,250,251,250,251,252,254,254,254,254,254,254,254,254,254,254,254,254,254,254,254,254,254,254,254,254,254,254,254,254,254,254,254,254,254,254,254,254,254,253,254,254,254,254,254,254,254,254,254,254,254,254,254,254,254,254,254,254,254,254,254,254,254,0
63,178,164,170,182,189,201,172,167,180,234,247,220,193,207,212,220,181,163,157,161,187,158,161,157,183,170,171,168,164,184,150,125,125,121,135,134,98,111,121,131,178,189,200,187,179,164,142,122,141,152,143,121,130,133,146,137,40,61,66,133,144,107,58,82,136,162,141,140,141,167,169,143,142,147,170,180,155,146,144,173,1
64,253,254,254,254,254,254,252,254,254,254,254,254,252,250,251,250,251,252,254,254,254,254,254,254,254,254,254,254,254,254,254,254,254,254,254,254,254,254,254,254,254,254,254,254,254,254,254,254,254,254,254,253,254,254,254,254,254,254,254,254,254,254,254,254,254,254,254,254,254,254,254,254,254,254,254,254,254,254,254,254,0
65,201,172,167,180,234,247,220,193,207,212,220,181,163,157,161,187,158,161,157,183,170,171,168,164,184,150,125,125,121,135,134,98,111,121,131,178,189,200,187,179,164,142,122,141,152,143,121,130,133,146,137,40,61,66,133,144,107,58,82,136,162,141,140,141,167,169,143,142,147,170,180,155,146,144,173,175,152,147,145,166,1
66,254,252,254,254,254,254,254,252,250,251,250,251,252,254,254,254,254,254,254,254,254,254,254,254,254,254,254,254,254,254,254,254,254,254,254,254,254,254,254,254,254,254,254,254,254,254,253,254,254,254,254,254,254,254,254,254,254,254,254,254,254,254,254,254,254,254,254,254,254,254,254,254,254,254,254,254,254,254,254,254,0
67,247,220,193,207,212,220,181,163,157,161,187,158,161,157,183,170,171,168,164,184,150,125,125,121,135,134,98,111,121,131,178,189,200,187,179,164,142,122,141,152,143,121,130,133,146,137,40,61,66,133,144,107,58,82,136,162,141,140,141,167,169,143,142,147,170,180,155,146,144,173,175,152,147,145,166,162,155,148,147,171,1
68,254,254,252,250,251,250,251,252,254,254,254,254,254,254,254,254,254,254,254,254,254,254,254,254,254,254,254,254,254,254,254,254,254,254,254,254,254,254,254,254,254,253,254,254,254,254,254,254,254,254,254,254,254,254,254,254,254,254,254,254,254,254,254,254,254,254,254,254,254,254,254,254,254,254,254,254,254,254,254,254,0
69,247,190,174,183,250,252,195,190,245,254,247,231,232,246,247,250,234,226,221,247,246,191,224,243,248,251,236,223,211,248,254,190,181,180,247,237,218,216,252,253,254,163,133,235,241,239,142,149,156,241,233,188,186,235,238,235,129,128,196,228,215,173,169,226,231,244,172,145,186,239,245,217,141,158,246,240,203,193,239,235,1
70,227,227,231,231,230,230,231,234,235,235,230,230,232,234,228,229,229,236,232,230,230,228,233,232,229,228,228,230,231,231,232,228,230,230,230,231,233,235,236,241,233,233,234,234,234,231,232,232,233,233,232,234,236,239,234,231,234,234,234,234,232,232,229,229,234,251,234,235,233,234,232,232,233,232,232,231,231,237,233,234,0
71,252,195,190,245,254,247,231,232,246,247,250,234,226,221,247,246,191,224,243,248,251,236,223,211,248,254,190,181,180,247,237,218,216,252,253,254,163,133,235,241,239,142,149,156,241,233,188,186,235,238,235,129,128,196,228,215,173,169,226,231,244,172,145,186,239,245,217,141,158,246,240,203,193,239,235,237,179,180,179,226,1
72,230,231,234,235,235,230,230,232,234,228,229,229,236,232,230,230,228,233,232,229,228,228,230,231,231,232,228,230,230,230,231,233,235,236,241,233,233,234,234,234,231,232,232,233,233,232,234,236,239,234,231,234,234,234,234,232,232,229,229,234,251,234,235,233,234,232,232,233,232,232,231,231,237,233,234,231,230,230,230,230,0
73,247,231,232,246,247,250,234,226,221,247,246,191,224,243,248,251,236,223,211,248,254,190,181,180,247,237,218,216,252,253,254,163,133,235,241,239,142,149,156,241,233,188,186,235,238,235,129,128,196,228,215,173,169,226,231,244,172,145,186,239,245,217,141,158,246,240,203,193,239,235,237,179,180,179,226,224,165,133,140,216,1
74,230,230,232,234,228,229,229,236,232,230,230,228,233,232,229,228,228,230,231,231,232,228,230,230,230,231,233,235,236,241,233,233,234,234,234,231,232,232,233,233,232,234,236,239,234,231,234,234,234,234,232,232,229,229,234,251,234,235,233,234,232,232,233,232,232,231,231,237,233,234,231,230,230,230,230,232,232,232,232,233,0
75,250,234,226,221,247,246,191,224,243,248,251,236,223,211,248,254,190,181,180,247,237,218,216,252,253,254,163,133,235,241,239,142,149,156,241,233,188,186,235,238,235,129,128,196,228,215,173,169,226,231,244,172,145,186,239,245,217,141,158,246,240,203,193,239,235,237,179,180,179,226,224,165,133,140,216,235,198,193,205,250,1
76,229,229,236,232,230,230,228,233,232,229,228,228,230,231,231,232,228,230,230,230,231,233,235,236,241,233,233,234,234,234,231,232,232,233,233,232,234,236,239,234,231,234,234,234,234,232,232,229,229,234,251,234,235,233,234,232,232,233,232,232,231,231,237,233,234,231,230,230,230,230,232,232,232,232,233,234,231,231,231,232,0
77,246,191,224,243,248,251,236,223,211,248,254,190,181,180,247,237,218,216,252,253,254,163,133,235,241,239,142,149,156,241,233,188,186,235,238,235,129,128,196,228,215,173,169,226,231,244,172,145,186,239,245,217,141,158,246,240,203,193,239,235,237,179,180,179,226,224,165,133,140,216,235,198,193,205,250,247,125,128,176,239,1
78,230,228,233,232,229,228,228,230,231,231,232,228,230,230,230,231,233,235,236,241,233,233,234,234,234,231,232,232,233,233,232,234,236,239,234,231,234,234,234,234,232,232,229,229,234,251,234,235,233,234,232,232,233,232,232,231,231,237,233,234,231,230,230,230,230,232,232,232,232,233,234,231,231,231,232,233,233,233,234,235,0
79,254,250,251,253,254,252,237,254,252,253,254,235,251,250,252,254,241,253,253,254,254,235,250,253,254,254,250,251,253,253,254,254,252,251,254,254,248,250,251,254,251,244,248,250,254,252,241,254,251,254,252,250,249,254,254,254,235,250,254,254,254,238,244,250,254,254,234,250,251,254,252,248,249,253,254,254,232,250,253,252,1
80,150,153,152,151,151,149,149,149,149,149,148,148,154,165,234,238,171,166,168,229,229,165,165,206,219,228,159,165,206,221,236,187,169,165,232,219,147,147,147,247,150,153,152,152,161,152,152,152,152,152,156,151,159,155,158,156,156,154,154,154,154,154,157,161,155,155,154,157,157,148,146,146,146,146,146,145,145,145,148,148,0
81,252,237,254,252,253,254,235,251,250,252,254,241,253,253,254,254,235,250,253,254,254,250,251,253,253,254,254,252,251,254,254,248,250,251,254,251,244,248,250,254,252,241,254,251,254,252,250,249,254,254,254,235,250,254,254,254,238,244,250,254,254,234,250,251,254,252,248,249,253,254,254,232,250,253,252,251,227,250,250,254,1
82,149,149,149,149,149,148,148,154,165,234,238,171,166,168,229,229,165,165,206,219,228,159,165,206,221,236,187,169,165,232,219,147,147,147,247,150,153,152,152,161,152,152,152,152,152,156,151,159,155,158,156,156,154,154,154,154,154,157,161,155,155,154,157,157,148,146,146,146,146,146,145,145,145,148,148,148,149,161,157,152,0
83,254,235,251,250,252,254,241,253,253,254,254,235,250,253,254,254,250,251,253,253,254,254,252,251,254,254,248,250,251,254,251,244,248,250,254,252,241,254,251,254,252,250,249,254,254,254,235,250,254,254,254,238,244,250,254,254,234,250,251,254,252,248,249,253,254,254,232,250,253,252,251,227,250,250,254,254,227,245,252,251,1
84,148,148,154,165,234,238,171,166,168,229,229,165,165,206,219,228,159,165,206,221,236,187,169,165,232,219,147,147,147,247,150,153,152,152,161,152,152,152,152,152,156,151,159,155,158,156,156,154,154,154,154,154,157,161,155,155,154,157,157,148,146,146,146,146,146,145,145,145,148,148,148,149,161,157,152,145,145,143,148,148,0
85,254,241,253,253,254,254,235,250,253,254,254,250,251,253,253,254,254,252,251,254,254,248,250,251,254,251,244,248,250,254,252,241,254,251,254,252,250,249,254,254,254,235,250,254,254,254,238,244,250,254,254,234,250,251,254,252,248,249,253,254,254,232,250,253,252,251,227,250,250,254,254,227,245,252,251,251,229,251,252,253,1
86,238,171,166,168,229,229,165,165,206,219,228,159,165,206,221,236,187,169,165,232,219,147,147,147,247,150,153,152,152,161,152,152,152,152,152,156,151,159,155,158,156,156,154,154,154,154,154,157,161,155,155,154,157,157,148,146,146,146,146,146,145,145,145,148,148,148,149,161,157,152,145,145,143,148,148,148,146,144,143,143,0
87,254,235,250,253,254,254,250,251,253,253,254,254,252,251,254,254,248,250,251,254,251,244,248,250,254,252,241,254,251,254,252,250,249,254,254,254,235,250,254,254,254,238,244,250,254,254,234,250,251,254,252,248,249,253,254,254,232,250,253,252,251,227,250,250,254,254,227,245,252,251,251,229,251,252,253,251,230,247,246,254,1
88,229,165,165,206,219,228,159,165,206,221,236,187,169,165,232,219,147,147,147,247,150,153,152,152,161,152,152,152,152,152,156,151,159,155,158,156,156,154,154,154,154,154,157,161,155,155,154,157,157,148,146,146,146,146,146,145,145,145,148,148,148,149,161,157,152,145,145,143,148,148,148,146,144,143,143,152,148,164,160,154,0
89,254,250,251,253,253,254,254,252,251,254,254,248,250,251,254,251,244,248,250,254,252,241,254,251,254,252,250,249,254,254,254,235,250,254,254,254,238,244,250,254,254,234,250,251,254,252,248,249,253,254,254,232,250,253,252,251,227,250,250,254,254,227,245,252,251,251,229,251,252,253,251,230,247,246,254,249,228,238,253,253,1
90,228,159,165,206,221,236,187,169,165,232,219,147,147,147,247,150,153,152,152,161,152,152,152,152,152,156,151,159,155,158,156,156,154,154,154,154,154,157,161,155,155,154,157,157,148,146,146,146,146,146,145,145,145,148,148,148,149,161,157,152,145,145,143,148,148,148,146,144,143,143,152,148,164,160,154,144,147,147,147,147,0
91,254,254,252,251,254,254,248,250,251,254,251,244,248,250,254,252,241,254,251,254,252,250,249,254,254,254,235,250,254,254,254,238,244,250,254,254,234,250,251,254,252,248,249,253,254,254,232,250,253,252,251,227,250,250,254,254,227,245,252,251,251,229,251,252,253,251,230,247,246,254,249,228,238,253,253,248,244,250,250,253,1
92,236,187,169,165,232,219,147,147,147,247,150,153,152,152,161,152,152,152,152,152,156,151,159,155,158,156,156,154,154,154,154,154,157,161,155,155,154,157,157,148,146,146,146,146,146,145,145,145,148,148,148,149,161,157,152,145,145,143,148,148,148,146,144,143,143,152,148,164,160,154,144,147,147,147,147,148,149,149,149,149,0
93,254,248,250,251,254,251,244,248,250,254,252,241,254,251,254,252,250,249,254,254,254,235,250,254,254,254,238,244,250,254,254,234,250,251,254,252,248,249,253,254,254,232,250,253,252,251,227,250,250,254,254,227,245,252,251,251,229,251,252,253,251,230,247,246,254,249,228,238,253,253,248,244,250,250,253,249,247,249,245,254,1
94,219,147,147,147,247,150,153,152,152,161,152,152,152,152,152,156,151,159,155,158,156,156,154,154,154,154,154,157,161,155,155,154,157,157,148,146,146,146,146,146,145,145,145,148,148,148,149,161,157,152,145,145,143,148,148,148,146,144,143,143,152,148,164,160,154,144,147,147,147,147,148,149,149,149,149,148,162,160,158,150,0
95,251,244,248,250,254,252,241,254,251,254,252,250,249,254,254,254,235,250,254,254,254,238,244,250,254,254,234,250,251,254,252,248,249,253,254,254,232,250,253,252,251,227,250,250,254,254,227,245,252,251,251,229,251,252,253,251,230,247,246,254,249,228,238,253,253,248,244,250,250,253,249,247,249,245,254,253,244,229,246,251,1
96,150,153,152,152,161,152,152,152,152,152,156,151,159,155,158,156,156,154,154,154,154,154,157,161,155,155,154,157,157,148,146,146,146,146,146,145,145,145,148,148,148,149,161,157,152,145,145,143,148,148,148,146,144,143,143,152,148,164,160,154,144,147,147,147,147,148,149,149,149,149,148,162,160,158,150,152,152,152,152,152,0
97,252,241,254,251,254,252,250,249,254,254,254,235,250,254,254,254,238,244,250,254,254,234,250,251,254,252,248,249,253,254,254,232,250,253,252,251,227,250,250,254,254,227,245,252,251,251,229,251,252,253,251,230,247,246,254,249,228,238,253,253,248,244,250,250,253,249,247,249,245,254,253,244,229,246,251,247,227,240,247,254,1
98,152,152,152,152,152,156,151,159,155,158,156,156,154,154,154,154,154,157,161,155,155,154,157,157,148,146,146,146,146,146,145,145,145,148,148,148,149,161,157,152,145,145,143,148,148,148,146,144,143,143,152,148,164,160,154,144,147,147,147,147,148,149,149,149,149,148,162,160,158,150,152,152,152,152,152,148,144,144,144,144,0
99,252,250,249,254,254,254,235,250,254,254,254,238,244,250,254,254,234,250,251,254,252,248,249,253,254,254,232,250,253,252,251,227,250,250,254,254,227,245,252,251,251,229,251,252,253,251,230,247,246,254,249,228,238,253,253,248,244,250,250,253,249,247,249,245,254,253,244,229,246,251,247,227,240,247,254,252,243,244,242,254,1
100,156,151,159,155,158,156,156,154,154,154,154,154,157,161,155,155,154,157,157,148,146,146,146,146,146,145,145,145,148,148,148,149,161,157,152,145,145,143,148,148,148,146,144,143,143,152,148,164,160,154,144,147,147,147,147,148,149,149,149,149,148,162,160,158,150,152,152,152,152,152,148,144,144,144,144,150,155,152,152,154,0
101,254,235,250,254,254,254,238,244,250,254,254,234,250,251,254,252,248,249,253,254,254,232,250,253,252,251,227,250,250,254,254,227,245,252,251,251,229,251,252,253,251,230,247,246,254,249,228,238,253,253,248,244,250,250,253,249,247,249,245,254,253,244,229,246,251,247,227,240,247,254,252,243,244,242,254,250,219,236,251,245,1
102,156,156,154,154,154,154,154,157,161,155,155,154,157,157,148,146,146,146,146,146,145,145,145,148,148,148,149,161,157,152,145,145,143,148,148,148,146,144,143,143,152,148,164,160,154,144,147,147,147,147,148,149,149,149,149,148,162,160,158,150,152,152,152,152,152,148,144,144,144,144,150,155,152,152,154,151,144,144,148,145,0
103,254,238,244,250,254,254,234,250,251,254,252,248,249,253,254,254,232,250,253,252,251,227,250,250,254,254,227,245,252,251,251,229,251,252,253,251,230,247,246,254,249,228,238,253,253,248,244,250,250,253,249,247,249,245,254,253,244,229,246,251,247,227,240,247,254,252,243,244,242,254,250,219,236,251,245,253,246,220,246,253,1
104,154,154,157,161,155,155,154,157,157,148,146,146,146,146,146,145,145,145,148,148,148,149,161,157,152,145,145,143,148,148,148,146,144,143,143,152,148,164,160,154,144,147,147,147,147,148,149,149,149,149,148,162,160,158,150,152,152,152,152,152,148,144,144,144,144,150,155,152,152,154,151,144,144,148,145,151,151,151,151,149,0
105,254,234,250,251,254,252,248,249,253,254,254,232,250,253,252,251,227,250,250,254,254,227,245,252,251,251,229,251,252,253,251,230,247,246,254,249,228,238,253,253,248,244,250,250,253,249,247,249,245,254,253,244,229,246,251,247,227,240,247,254,252,243,244,242,254,250,219,236,251,245,253,246,220,246,253,249,229,242,243,249,1
106,155,154,157,157,148,146,146,146,146,146,145,145,145,148,148,148,149,161,157,152,145,145,143,148,148,148,146,144,143,143,152,148,164,160,154,144,147,147,147,147,148,149,149,149,149,148,162,160,158,150,152,152,152,152,152,148,144,144,144,144,150,155,152,152,154,151,144,144,148,145,151,151,151,151,149,180,143,148,148,147,0
107,252,248,249,253,254,254,232,250,253,252,251,227,250,250,254,254,227,245,252,251,251,229,251,252,253,251,230,247,246,254,249,228,238,253,253,248,244,250,250,253,249,247,249,245,254,253,244,229,246,251,247,227,240,247,254,252,243,244,242,254,250,219,236,251,245,253,246,220,246,253,249,229,242,243,249,249,227,246,249,248,1
108,146,146,146,146,146,145,145,145,148,148,148,149,161,157,152,145,145,143,148,148,148,146,144,143,143,152,148,164,160,154,144,147,147,147,147,148,149,149,149,149,148,162,160,158,150,152,152,152,152,152,148,144,144,144,144,150,155,152,152,154,151,144,144,148,145,151,151,151,151,149,180,143,148,148,147,150,146,146,146,148,0
109,254,232,250,253,252,251,227,250,250,254,254,227,245,252,251,251,229,251,252,253,251,230,247,246,254,249,228,238,253,253,248,244,250,250,253,249,247,249,245,254,253,244,229,246,251,247,227,240,247,254,252,243,244,242,254,250,219,236,251,245,253,246,220,246,253,249,229,242,243,249,249,227,246,249,248,254,230,245,252,254,1
110,145,145,145,148,148,148,149,161,157,152,145,145,143,148,148,148,146,144,143,143,152,148,164,160,154,144,147,147,147,147,148,149,149,149,149,148,162,160,158,150,152,152,152,152,152,148,144,144,144,144,150,155,152,152,154,151,144,144,148,145,151,151,151,151,149,180,143,148,148,147,150,146,146,146,148,237,198,200,225,233,0
111,251,227,250,250,254,254,227,245,252,251,251,229,251,252,253,251,230,247,246,254,249,228,238,253,253,248,244,250,250,253,249,247,249,245,254,253,244,229,246,251,247,227,240,247,254,252,243,244,242,254,250,219,236,251,245,253,246,220,246,253,249,229,242,243,249,249,227,246,249,248,254,230,245,252,254,254,227,234,249,253,1
112,148,149,161,157,152,145,145,143,148,148,148,146,144,143,143,152,148,164,160,154,144,147,147,147,147,148,149,149,149,149,148,162,160,158,150,152,152,152,152,152,148,144,144,144,144,150,155,152,152,154,151,144,144,148,145,151,151,151,151,149,180,143,148,148,147,150,146,146,146,148,237,198,200,225,233,233,163,195,214,220,0
113,254,227,245,252,251,251,229,251,252,253,251,230,247,246,254,249,228,238,253,253,248,244,250,250,253,249,247,249,245,254,253,244,229,246,251,247,227,240,247,254,252,243,244,242,254,250,219,236,251,245,253,246,220,246,253,249,229,242,243,249,249,227,246,249,248,254,230,245,252,254,254,227,234,249,253,251,232,232,246,248,1
114,145,145,143,148,148,148,146,144,143,143,152,148,164,160,154,144,147,147,147,147,148,149,149,149,149,148,162,160,158,150,152,152,152,152,152,148,144,144,144,144,150,155,152,152,154,151,144,144,148,145,151,151,151,151,149,180,143,148,148,147,150,146,146,146,148,237,198,200,225,233,233,163,195,214,220,214,199,192,211,230,0
115,251,229,251,252,253,251,230,247,246,254,249,228,238,253,253,248,244,250,250,253,249,247,249,245,254,253,244,229,246,251,247,227,240,247,254,252,243,244,242,254,250,219,236,251,245,253,246,220,246,253,249,229,242,243,249,249,227,246,249,248,254,230,245,252,254,254,227,234,249,253,251,232,232,246,248,254,225,236,240,254,1
116,148,146,144,143,143,152,148,164,160,154,144,147,147,147,147,148,149,149,149,149,148,162,160,158,150,152,152,152,152,152,148,144,144,144,144,150,155,152,152,154,151,144,144,148,145,151,151,151,151,149,180,143,148,148,147,150,146,146,146,148,237,198,200,225,233,233,163,195,214,220,214,199,192,211,230,227,186,191,196,221,0
117,251,230,247,246,254,249,228,238,253,253,248,244,250,250,253,249,247,249,245,254,253,244,229,246,251,247,227,240,247,254,252,243,244,242,254,250,219,236,251,245,253,246,220,246,253,249,229,242,243,249,249,227,246,249,248,254,230,245,252,254,254,227,234,249,253,251,232,232,246,248,254,225,236,240,254,254,239,237,249,253,1
118,152,148,164,160,154,144,147,147,147,147,148,149,149,149,149,148,162,160,158,150,152,152,152,152,152,148,144,144,144,144,150,155,152,152,154,151,144,144,148,145,151,151,151,151,149,180,143,148,148,147,150,146,146,146,148,237,198,200,225,233,233,163,195,214,220,214,199,192,211,230,227,186,191,196,221,212,201,208,193,213,0
119,249,228,238,253,253,248,244,250,250,253,249,247,249,245,254,253,244,229,246,251,247,227,240,247,254,252,243,244,242,254,250,219,236,251,245,253,246,220,246,253,249,229,242,243,249,249,227,246,249,248,254,230,245,252,254,254,227,234,249,253,251,232,232,246,248,254,225,236,240,254,254,239,237,249,253,253,242,236,254,252,1
120,144,147,147,147,147,148,149,149,149,149,148,162,160,158,150,152,152,152,152,152,148,144,144,144,144,150,155,152,152,154,151,144,144,148,145,151,151,151,151,149,180,143,148,148,147,150,146,146,146,148,237,198,200,225,233,233,163,195,214,220,214,199,192,211,230,227,186,191,196,221,212,201,208,193,213,213,180,178,239,237,0
121,248,244,250,250,253,249,247,249,245,254,253,244,229,246,251,247,227,240,247,254,252,243,244,242,254,250,219,236,251,245,253,246,220,246,253,249,229,242,243,249,249,227,246,249,248,254,230,245,252,254,254,227,234,249,253,251,232,232,246,248,254,225,236,240,254,254,239,237,249,253,253,242,236,254,252,253,227,237,240,253,1
122,148,149,149,149,149,148,162,160,158,150,152,152,152,152,152,148,144,144,144,144,150,155,152,152,154,151,144,144,148,145,151,151,151,151,149,180,143,148,148,147,150,146,146,146,148,237,198,200,225,233,233,163,195,214,220,214,199,192,211,230,227,186,191,196,221,212,201,208,193,213,213,180,178,239,237,236,175,161,167,197,0
123,249,247,249,245,254,253,244,229,246,251,247,227,240,247,254,252,243,244,242,254,250,219,236,251,245,253,246,220,246,253,249,229,242,243,249,249,227,246,249,248,254,230,245,252,254,254,227,234,249,253,251,232,232,246,248,254,225,236,240,254,254,239,237,249,253,253,242,236,254,252,253,227,237,240,253,253,248,228,242,252,1
124,148,162,160,158,150,152,152,152,152,152,148,144,144,144,144,150,155,152,152,154,151,144,144,148,145,151,151,151,151,149,180,143,148,148,147,150,146,146,146,148,237,198,200,225,233,233,163,195,214,220,214,199,192,211,230,227,186,191,196,221,212,201,208,193,213,213,180,178,239,237,236,175,161,167,197,197,198,163,167,228,0
125,253,244,229,246,251,247,227,240,247,254,252,243,244,242,254,250,219,236,251,245,253,246,220,246,253,249,229,242,243,249,249,227,246,249,248,254,230,245,252,254,254,227,234,249,253,251,232,232,246,248,254,225,236,240,254,254,239,237,249,253,253,242,236,254,252,253,227,237,240,253,253,248,228,242,252,251,230,213,228,249,1
126,152,152,152,152,152,148,144,144,144,144,150,155,152,152,154,151,144,144,148,145,151,151,151,151,149,180,143,148,148,147,150,146,146,146,148,237,198,200,225,233,233,163,195,214,220,214,199,192,211,230,227,186,191,196,221,212,201,208,193,213,213,180,178,239,237,236,175,161,167,197,197,198,163,167,228,249,196,172,165,203,0
127,254,244,248,254,254,254,232,206,213,254,254,254,196,253,254,254,228,209,254,254,254,231,254,254,254,254,244,253,254,254,254,254,170,235,254,254,245,247,253,254,254,254,171,254,254,254,244,244,252,254,254,253,239,239,254,254,243,240,248,254,254,215,222,254,254,254,254,242,242,254,254,230,246,246,254,254,202,222,222,254,1
128,227,230,239,252,247,245,244,251,252,253,248,244,253,253,251,247,247,252,252,251,231,232,252,244,244,235,235,247,249,250,238,240,250,250,250,242,244,250,249,247,244,245,250,248,245,242,242,242,251,251,248,248,240,240,249,243,243,250,251,250,250,245,244,245,249,245,246,251,251,253,251,253,254,252,252,250,250,251,251,251,0
129,251,222,240,251,251,250,251,225,223,249,252,235,215,246,246,247,209,242,249,249,249,226,220,250,249,240,212,245,251,250,249,219,237,251,252,252,222,238,246,248,250,214,235,242,242,242,214,244,251,251,252,217,240,254,254,250,243,215,248,251,249,237,218,250,252,250,225,230,245,254,254,254,217,253,253,253,253,223,241,252,1
130,123,94,94,125,125,137,147,102,92,92,136,93,93,93,93,97,93,93,94,94,93,93,93,95,139,93,92,94,94,100,94,94,97,99,137,99,98,98,98,99,120,98,98,97,97,97,99,98,143,143,133,98,98,98,98,98,139,98,98,145,153,98,98,102,138,101,101,101,99,114,134,120,102,155,155,127,104,99,102,158,0
131,250,251,225,223,249,252,235,215,246,246,247,209,242,249,249,249,226,220,250,249,240,212,245,251,250,249,219,237,251,252,252,222,238,246,248,250,214,235,242,242,242,214,244,251,251,252,217,240,254,254,250,243,215,248,251,249,237,218,250,252,250,225,230,245,254,254,254,217,253,253,253,253,223,241,252,249,230,225,245,245,1
132,137,147,102,92,92,136,93,93,93,93,97,93,93,94,94,93,93,93,95,139,93,92,94,94,100,94,94,97,99,137,99,98,98,98,99,120,98,98,97,97,97,99,98,143,143,133,98,98,98,98,98,139,98,98,145,153,98,98,102,138,101,101,101,99,114,134,120,102,155,155,127,104,99,102,158,137,92,92,97,97,0
133,252,235,215,246,246,247,209,242,249,249,249,226,220,250,249,240,212,245,251,250,249,219,237,251,252,252,222,238,246,248,250,214,235,242,242,242,214,244,251,251,252,217,240,254,254,250,243,215,248,251,249,237,218,250,252,250,225,230,245,254,254,254,217,253,253,253,253,223,241,252,249,230,225,245,245,254,235,220,248,248,1
134,136,93,93,93,93,97,93,93,94,94,93,93,93,95,139,93,92,94,94,100,94,94,97,99,137,99,98,98,98,99,120,98,98,97,97,97,99,98,143,143,133,98,98,98,98,98,139,98,98,145,153,98,98,102,138,101,101,101,99,114,134,120,102,155,155,127,104,99,102,158,137,92,92,97,97,92,92,92,92,92,0
135,247,209,242,249,249,249,226,220,250,249,240,212,245,251,250,249,219,237,251,252,252,222,238,246,248,250,214,235,242,242,242,214,244,251,251,252,217,240,254,254,250,243,215,248,251,249,237,218,250,252,250,225,230,245,254,254,254,217,253,253,253,253,223,241,252,249,230,225,245,245,254,235,220,248,248,248,229,226,250,250,1
136,97,93,93,94,94,93,93,93,95,139,93,92,94,94,100,94,94,97,99,137,99,98,98,98,99,120,98,98,97,97,97,99,98,143,143,133,98,98,98,98,98,139,98,98,145,153,98,98,102,138,101,101,101,99,114,134,120,102,155,155,127,104,99,102,158,137,92,92,97,97,92,92,92,92,92,92,92,92,92,92,0
137,135,83,62,95,157,177,160,105,154,172,186,149,165,175,191,191,155,148,159,159,213,183,181,206,206,194,128,154,169,187,195,173,160,157,173,186,133,160,159,186,192,171,168,176,205,207,166,170,167,186,187,166,156,168,177,178,158,147,152,180,185,155,160,161,172,192,159,153,158,174,186,160,157,160,170,179,152,152,154,185,1
138,254,254,254,253,254,254,254,254,254,254,254,254,254,254,254,254,254,254,254,254,254,254,254,254,254,254,254,254,254,254,254,254,254,254,254,254,254,254,254,254,254,251,249,254,254,254,254,254,254,254,254,254,254,254,254,254,254,254,254,254,254,254,254,254,254,254,254,254,254,254,254,254,254,254,254,254,254,254,254,254,0
139,250,196,150,160,254,253,176,159,175,221,207,148,139,170,204,253,216,199,217,230,173,133,120,139,181,167,143,128,145,249,187,146,167,169,204,168,130,125,130,168,150,126,128,169,169,204,212,179,186,190,159,136,126,129,147,180,144,150,175,175,150,138,135,142,142,163,143,138,156,156,149,117,121,180,180,142,118,112,125,171,1
140,254,254,252,254,254,254,254,254,254,254,254,243,253,254,254,254,247,254,254,254,254,254,254,254,254,254,253,253,254,254,254,254,254,254,254,254,254,254,254,255,254,253,253,254,254,254,254,254,254,254,254,254,254,254,254,255,254,254,254,254,254,254,254,254,254,254,254,254,254,254,254,254,254,254,254,254,254,254,254,254,0
141,253,176,159,175,221,207,148,139,170,204,253,216,199,217,230,173,133,120,139,181,167,143,128,145,249,187,146,167,169,204,168,130,125,130,168,150,126,128,169,169,204,212,179,186,190,159,136,126,129,147,180,144,150,175,175,150,138,135,142,142,163,143,138,156,156,149,117,121,180,180,142,118,112,125,171,156,118,118,155,155,1
142,254,254,254,254,254,254,243,253,254,254,254,247,254,254,254,254,254,254,254,254,254,253,253,254,254,254,254,254,254,254,254,254,254,254,255,254,253,253,254,254,254,254,254,254,254,254,254,254,254,254,255,254,254,254,254,254,254,254,254,254,254,254,254,254,254,254,254,254,254,254,254,254,254,254,254,254,254,254,254,254,0
143,207,148,139,170,204,253,216,199,217,230,173,133,120,139,181,167,143,128,145,249,187,146,167,169,204,168,130,125,130,168,150,126,128,169,169,204,212,179,186,190,159,136,126,129,147,180,144,150,175,175,150,138,135,142,142,163,143,138,156,156,149,117,121,180,180,142,118,112,125,171,156,118,118,155,155,142,107,107,112,164,1
144,254,243,253,254,254,254,247,254,254,254,254,254,254,254,254,254,253,253,254,254,254,254,254,254,254,254,254,254,254,255,254,253,253,254,254,254,254,254,254,254,254,254,254,254,254,255,254,254,254,254,254,254,254,254,254,254,254,254,254,254,254,254,254,254,254,254,254,254,254,254,254,254,254,254,254,254,254,254,254,254,0
145,253,216,199,217,230,173,133,120,139,181,167,143,128,145,249,187,146,167,169,204,168,130,125,130,168,150,126,128,169,169,204,212,179,186,190,159,136,126,129,147,180,144,150,175,175,150,138,135,142,142,163,143,138,156,156,149,117,121,180,180,142,118,112,125,171,156,118,118,155,155,142,107,107,112,164,171,144,138,142,182,1
146,254,247,254,254,254,254,254,254,254,254,254,253,253,254,254,254,254,254,254,254,254,254,254,254,255,254,253,253,254,254,254,254,254,254,254,254,254,254,254,254,255,254,254,254,254,254,254,254,254,254,254,254,254,254,254,254,254,254,254,254,254,254,254,254,254,254,254,254,254,254,254,254,254,254,254,254,254,254,254,254,0
147,224,200,144,136,225,237,224,134,145,234,251,158,145,186,250,245,192,141,137,230,243,181,142,145,230,219,125,123,175,218,230,181,121,141,186,245,136,143,147,206,233,140,136,136,215,219,113,118,144,184,241,138,136,139,222,189,122,122,131,171,246,187,163,175,211,227,177,142,175,226,176,157,103,108,218,211,147,114,183,183,1
148,230,230,233,232,232,231,231,231,234,233,234,234,235,235,234,233,233,235,234,234,232,234,233,233,234,233,233,233,234,233,235,235,235,235,235,235,235,235,237,234,233,233,234,235,236,231,231,233,233,235,236,230,232,232,238,249,226,231,233,236,232,233,234,234,234,234,233,233,235,238,236,235,234,232,232,239,230,232,237,237,0
149,237,224,134,145,234,251,158,145,186,250,245,192,141,137,230,243,181,142,145,230,219,125,123,175,218,230,181,121,141,186,245,136,143,147,206,233,140,136,136,215,219,113,118,144,184,241,138,136,139,222,189,122,122,131,171,246,187,163,175,211,227,177,142,175,226,176,157,103,108,218,211,147,114,183,183,211,120,110,116,167,1
150,231,231,231,234,233,234,234,235,235,234,233,233,235,234,234,232,234,233,233,234,233,233,233,234,233,235,235,235,235,235,235,235,235,237,234,233,233,234,235,236,231,231,233,233,235,236,230,232,232,238,249,226,231,233,236,232,233,234,234,234,234,233,233,235,238,236,235,234,232,232,239,230,232,237,237,234,234,234,234,233,0
151,251,158,145,186,250,245,192,141,137,230,243,181,142,145,230,219,125,123,175,218,230,181,121,141,186,245,136,143,147,206,233,140,136,136,215,219,113,118,144,184,241,138,136,139,222,189,122,122,131,171,246,187,163,175,211,227,177,142,175,226,176,157,103,108,218,211,147,114,183,183,211,120,110,116,167,177,145,110,140,196,1
152,234,234,235,235,234,233,233,235,234,234,232,234,233,233,234,233,233,233,234,233,235,235,235,235,235,235,235,235,237,234,233,233,234,235,236,231,231,233,233,235,236,230,232,232,238,249,226,231,233,236,232,233,234,234,234,234,233,233,235,238,236,235,234,232,232,239,230,232,237,237,234,234,234,234,233,235,233,235,234,234,0
153,245,192,141,137,230,243,181,142,145,230,219,125,123,175,218,230,181,121,141,186,245,136,143,147,206,233,140,136,136,215,219,113,118,144,184,241,138,136,139,222,189,122,122,131,171,246,187,163,175,211,227,177,142,175,226,176,157,103,108,218,211,147,114,183,183,211,120,110,116,167,177,145,110,140,196,163,124,109,99,148,1
154,233,233,235,234,234,232,234,233,233,234,233,233,233,234,233,235,235,235,235,235,235,235,235,237,234,233,233,234,235,236,231,231,233,233,235,236,230,232,232,238,249,226,231,233,236,232,233,234,234,234,234,233,233,235,238,236,235,234,232,232,239,230,232,237,237,234,234,234,234,233,235,233,235,234,234,235,232,233,233,233,0
155,243,181,142,145,230,219,125,123,175,218,230,181,121,141,186,245,136,143,147,206,233,140,136,136,215,219,113,118,144,184,241,138,136,139,222,189,122,122,131,171,246,187,163,175,211,227,177,142,175,226,176,157,103,108,218,211,147,114,183,183,211,120,110,116,167,177,145,110,140,196,163,124,109,99,148,143,93,99,122,149,1
156,232,234,233,233,234,233,233,233,234,233,235,235,235,235,235,235,235,235,237,234,233,233,234,235,236,231,231,233,233,235,236,230,232,232,238,249,226,231,233,236,232,233,234,234,234,234,233,233,235,238,236,235,234,232,232,239,230,232,237,237,234,234,234,234,233,235,233,235,234,234,235,232,233,233,233,246,230,237,230,247,0
157,219,125,123,175,218,230,181,121,141,186,245,136,143,147,206,233,140,136,136,215,219,113,118,144,184,241,138,136,139,222,189,122,122,131,171,246,187,163,175,211,227,177,142,175,226,176,157,103,108,218,211,147,114,183,183,211,120,110,116,167,177,145,110,140,196,163,124,109,99,148,143,93,99,122,149,140,105,97,93,127,1
158,233,233,233,234,233,235,235,235,235,235,235,235,235,237,234,233,233,234,235,236,231,231,233,233,235,236,230,232,232,238,249,226,231,233,236,232,233,234,234,234,234,233,233,235,238,236,235,234,232,232,239,230,232,237,237,234,234,234,234,233,235,233,235,234,234,235,232,233,233,233,246,230,237,230,247,238,231,232,233,243,0
159,157,84,72,83,136,157,119,106,115,156,155,123,124,127,148,152,130,120,120,153,143,107,126,117,126,133,79,82,76,101,113,84,66,78,85,112,84,95,91,98,145,132,124,120,144,155,133,133,138,157,164,149,141,140,155,170,159,143,152,159,147,147,139,138,162,159,143,141,137,149,164,142,144,146,154,156,139,143,145,151,1
160,254,254,254,254,254,254,254,254,254,254,254,254,254,254,254,254,254,254,254,254,254,254,254,254,254,254,254,254,254,254,254,254,254,254,254,254,254,254,254,254,254,254,254,254,254,254,254,254,254,254,254,254,254,254,254,254,254,254,254,254,254,254,254,254,254,254,254,254,254,254,254,254,254,254,254,254,254,254,254,254,0
161,157,119,106,115,156,155,123,124,127,148,152,130,120,120,153,143,107,126,117,126,133,79,82,76,101,113,84,66,78,85,112,84,95,91,98,145,132,124,120,144,155,133,133,138,157,164,149,141,140,155,170,159,143,152,159,147,147,139,138,162,159,143,141,137,149,164,142,144,146,154,156,139,143,145,151,164,140,138,127,149,1
162,254,254,254,254,254,254,254,254,254,254,254,254,254,254,254,254,254,254,254,254,254,254,254,254,254,254,254,254,254,254,254,254,254,254,254,254,254,254,254,254,254,254,254,254,254,254,254,254,254,254,254,254,254,254,254,254,254,254,254,254,254,254,254,254,254,254,254,254,254,254,254,254,254,254,254,254,254,254,254,254,0
163,155,123,124,127,148,152,130,120,120,153,143,107,126,117,126,133,79,82,76,101,113,84,66,78,85,112,84,95,91,98,145,132,124,120,144,155,133,133,138,157,164,149,141,140,155,170,159,143,152,159,147,147,139,138,162,159,143,141,137,149,164,142,144,146,154,156,139,143,145,151,164,140,138,127,149,168,150,141,141,166,1
164,254,254,254,254,254,254,254,254,254,254,254,254,254,254,254,254,254,254,254,254,254,254,254,254,254,254,254,254,254,254,254,254,254,254,254,254,254,254,254,254,254,254,254,254,254,254,254,254,254,254,254,254,254,254,254,254,254,254,254,254,254,254,254,254,254,254,254,254,254,254,254,254,254,254,254,254,254,254,254,254,0
165,152,130,120,120,153,143,107,126,117,126,133,79,82,76,101,113,84,66,78,85,112,84,95,91,98,145,132,124,120,144,155,133,133,138,157,164,149,141,140,155,170,159,143,152,159,147,147,139,138,162,159,143,141,137,149,164,142,144,146,154,156,139,143,145,151,164,140,138,127,149,168,150,141,141,166,168,138,130,138,146,1
166,254,254,254,254,254,254,254,254,254,254,254,254,254,254,254,254,254,254,254,254,254,254,254,254,254,254,254,254,254,254,254,254,254,254,254,254,254,254,254,254,254,254,254,254,254,254,254,254,254,254,254,254,254,254,254,254,254,254,254,254,254,254,254,254,254,254,254,254,254,254,254,254,254,254,254,254,254,254,254,254,0
167,143,107,126,117,126,133,79,82,76,101,113,84,66,78,85,112,84,95,91,98,145,132,124,120,144,155,133,133,138,157,164,149,141,140,155,170,159,143,152,159,147,147,139,138,162,159,143,141,137,149,164,142,144,146,154,156,139,143,145,151,164,140,138,127,149,168,150,141,141,166,168,138,130,138,146,169,136,143,141,163,1
168,254,254,254,254,254,254,254,254,254,254,254,254,254,254,254,254,254,254,254,254,254,254,254,254,254,254,254,254,254,254,254,254,254,254,254,254,254,254,254,254,254,254,254,254,254,254,254,254,254,254,254,254,254,254,254,254,254,254,254,254,254,254,254,254,254,254,254,254,254,254,254,254,254,254,254,254,254,254,254,254,0
169,133,79,82,76,101,113,84,66,78,85,112,84,95,91,98,145,132,124,120,144,155,133,133,138,157,164,149,141,140,155,170,159,143,152,159,147,147,139,138,162,159,143,141,137,149,164,142,144,146,154,156,139,143,145,151,164,140,138,127,149,168,150,141,141,166,168,138,130,138,146,169,136,143,141,163,157,144,136,143,154,1
170,254,254,254,254,254,254,254,254,254,254,254,254,254,254,254,254,254,254,254,254,254,254,254,254,254,254,254,254,254,254,254,254,254,254,254,254,254,254,254,254,254,254,254,254,254,254,254,254,254,254,254,254,254,254,254,254,254,254,254,254,254,254,254,254,254,254,254,254,254,254,254,254,254,254,254,254,254,254,254,254,0
171,113,84,66,78,85,112,84,95,91,98,145,132,124,120,144,155,133,133,138,157,164,149,141,140,155,170,159,143,152,159,147,147,139,138,162,159,143,141,137,149,164,142,144,146,154,156,139,143,145,151,164,140,138,127,149,168,150,141,141,166,168,138,130,138,146,169,136,143,141,163,157,144,136,143,154,166,133,130,140,149,1
172,254,254,254,254,254,254,254,254,254,254,254,254,254,254,254,254,254,254,254,254,254,254,254,254,254,254,254,254,254,254,254,254,254,254,254,254,254,254,254,254,254,254,254,254,254,254,254,254,254,254,254,254,254,254,254,254,254,254,254,254,254,254,254,254,254,254,254,254,254,254,254,254,254,254,254,254,254,254,254,254,0
173,112,84,95,91,98,145,132,124,120,144,155,133,133,138,157,164,149,141,140,155,170,159,143,152,159,147,147,139,138,162,159,143,141,137,149,164,142,144,146,154,156,139,143,145,151,164,140,138,127,149,168,150,141,141,166,168,138,130,138,146,169,136,143,141,163,157,144,136,143,154,166,133,130,140,149,185,157,153,144,151,1
174,254,254,254,254,254,254,254,254,254,254,254,254,254,254,254,254,254,254,254,254,254,254,254,254,254,254,254,254,254,254,254,254,254,254,254,254,254,254,254,254,254,254,254,254,254,254,254,254,254,254,254,254,254,254,254,254,254,254,254,254,254,254,254,254,254,254,254,254,254,254,254,254,254,254,254,254,254,254,254,254,0
175,242,197,208,221,220,178,156,152,157,177,200,152,160,169,183,194,160,158,163,182,168,159,163,166,177,199,170,169,184,188,178,164,173,169,183,178,164,170,182,189,201,172,167,180,234,247,220,193,207,212,220,181,163,157,161,187,158,161,157,183,170,171,168,164,184,150,125,125,121,135,134,98,111,121,131,178,189,200,187,179,1
176,253,254,253,253,253,254,254,254,254,254,254,254,254,254,254,254,254,254,254,254,254,254,254,254,254,254,253,253,254,254,254,254,252,253,254,253,254,254,254,254,254,252,254,254,254,254,254,252,250,251,250,251,252,254,254,254,254,254,254,254,254,254,254,254,254,254,254,254,254,254,254,254,254,254,254,254,254,254,254,254,0
177,178,156,152,157,177,200,152,160,169,183,194,160,158,163,182,168,159,163,166,177,199,170,169,184,188,178,164,173,169,183,178,164,170,182,189,201,172,167,180,234,247,220,193,207,212,220,181,163,157,161,187,158,161,157,183,170,171,168,164,184,150,125,125,121,135,134,98,111,121,131,178,189,200,187,179,164,142,122,141,152,1
178,254,254,254,254,254,254,254,254,254,254,254,254,254,254,254,254,254,254,254,254,254,253,253,254,254,254,254,252,253,254,253,254,254,254,254,254,252,254,254,254,254,254,252,250,251,250,251,252,254,254,254,254,254,254,254,254,254,254,254,254,254,254,254,254,254,254,254,254,254,254,254,254,254,254,254,254,254,254,254,254,0
179,200,152,160,169,183,194,160,158,163,182,168,159,163,166,177,199,170,169,184,188,178,164,173,169,183,178,164,170,182,189,201,172,167,180,234,247,220,193,207,212,220,181,163,157,161,187,158,161,157,183,170,171,168,164,184,150,125,125,121,135,134,98,111,121,131,178,189,200,187,179,164,142,122,141,152,143,121,130,133,146,1
180,254,254,254,254,254,254,254,254,254,254,254,254,254,254,254,254,253,253,254,254,254,254,252,253,254,253,254,254,254,254,254,252,254,254,254,254,254,252,250,251,250,251,252,254,254,254,254,254,254,254,254,254,254,254,254,254,254,254,254,254,254,254,254,254,254,254,254,254,254,254,254,254,254,254,254,254,253,254,254,254,0
181,194,160,158,163,182,168,159,163,166,177,199,170,169,184,188,178,164,173,169,183,178,164,170,182,189,201,172,167,180,234,247,220,193,207,212,220,181,163,157,161,187,158,161,157,183,170,171,168,164,184,150,125,125,121,135,134,98,111,121,131,178,189,200,187,179,164,142,122,141,152,143,121,130,133,146,137,40,61,66,133,1
182,254,254,254,254,254,254,254,254,254,254,254,253,253,254,254,254,254,252,253,254,253,254,254,254,254,254,252,254,254,254,254,254,252,250,251,250,251,252,254,254,254,254,254,254,254,254,254,254,254,254,254,254,254,254,254,254,254,254,254,254,254,254,254,254,254,254,254,254,254,254,254,253,254,254,254,254,254,254,254,254,0
183,168,159,163,166,177,199,170,169,184,188,178,164,173,169,183,178,164,170,182,189,201,172,167,180,234,247,220,193,207,212,220,181,163,157,161,187,158,161,157,183,170,171,168,164,184,150,125,125,121,135,134,98,111,121,131,178,189,200,187,179,164,142,122,141,152,143,121,130,133,146,137,40,61,66,133,144,107,58,82,136,1
184,254,254,254,254,254,254,253,253,254,254,254,254,252,253,254,253,254,254,254,254,254,252,254,254,254,254,254,252,250,251,250,251,252,254,254,254,254,254,254,254,254,254,254,254,254,254,254,254,254,254,254,254,254,254,254,254,254,254,254,254,254,254,254,254,254,254,253,254,254,254,254,254,254,254,254,254,254,254,254,254,0
185,199,170,169,184,188,178,164,173,169,183,178,164,170,182,189,201,172,167,180,234,247,220,193,207,212,220,181,163,157,161,187,158,161,157,183,170,171,168,164,184,150,125,125,121,135,134,98,111,121,131,178,189,200,187,179,164,142,122,141,152,143,121,130,133,146,137,40,61,66,133,144,107,58,82,136,162,141,140,141,167,1
186,254,253,253,254,254,254,254,252,253,254,253,254,254,254,254,254,252,254,254,254,254,254,252,250,251,250,251,252,254,254,254,254,254,254,254,254,254,254,254,254,254,254,254,254,254,254,254,254,254,254,254,254,254,254,254,254,254,254,254,254,254,253,254,254,254,254,254,254,254,254,254,254,254,254,254,254,254,254,254,254,0
187,178,164,173,169,183,178,164,170,182,189,201,172,167,180,234,247,220,193,207,212,220,181,163,157,161,187,158,161,157,183,170,171,168,164,184,150,125,125,121,135,134,98,111,121,131,178,189,200,187,179,164,142,122,141,152,143,121,130,133,146,137,40,61,66,133,144,107,58,82,136,162,141,140,141,167,169,143,142,147,170,1
188,254,254,252,253,254,253,254,254,254,254,254,252,254,254,254,254,254,252,250,251,250,251,252,254,254,254,254,254,254,254,254,254,254,254,254,254,254,254,254,254,254,254,254,254,254,254,254,254,254,254,254,254,254,254,254,254,253,254,254,254,254,254,254,254,254,254,254,254,254,254,254,254,254,254,254,254,254,254,254,254,0
189,178,164,170,182,189,201,172,167,180,234,247,220,193,207,212,220,181,163,157,161,187,158,161,157,183,170,171,168,164,184,150,125,125,121,135,134,98,111,121,131,178,189,200,187,179,164,142,122,141,152,143,121,130,133,146,137,40,61,66,133,144,107,58,82,136,162,141,140,141,167,169,143,142,147,170,180,155,146,144,173,1
190,253,254,254,254,254,254,252,254,254,254,254,254,252,250,251,250,251,252,254,254,254,254,254,254,254,254,254,254,254,254,254,254,254,254,254,254,254,254,254,254,254,254,254,254,254,254,254,254,254,254,254,253,254,254,254,254,254,254,254,254,254,254,254,254,254,254,254,254,254,254,254,254,254,254,254,254,254,254,254,254,0
191,201,172,167,180,234,247,220,193,207,212,220,181,163,157,161,187,158,161,157,183,170,171,168,164,184,150,125,125,121,135,134,98,111,121,131,178,189,200,187,179,164,142,122,141,152,143,121,130,133,146,137,40,61,66,133,144,107,58,82,136,162,141,140,141,167,169,143,142,147,170,180,155,146,144,173,175,152,147,145,166,1
192,254,252,254,254,254,254,254,252,250,251,250,251,252,254,254,254,254,254,254,254,254,254,254,254,254,254,254,254,254,254,254,254,254,254,254,254,254,254,254,254,254,254,254,254,254,254,253,254,254,254,254,254,254,254,254,254,254,254,254,254,254,254,254,254,254,254,254,254,254,254,254,254,254,254,254,254,254,254,254,254,0
193,247,220,193,207,212,220,181,163,157,161,187,158,161,157,183,170,171,168,164,184,150,125,125,121,135,134,98,111,121,131,178,189,200,187,179,164,142,122,141,152,143,121,130,133,146,137,40,61,66,133,144,107,58,82,136,162,141,140,141,167,169,143,142,147,170,180,155,146,144,173,175,152,147,145,166,162,155,148,147,171,1
194,254,254,252,250,251,250,251,252,254,254,254,254,254,254,254,254,254,254,254,254,254,254,254,254,254,254,254,254,254,254,254,254,254,254,254,254,254,254,254,254,254,253,254,254,254,254,254,254,254,254,254,254,254,254,254,254,254,254,254,254,254,254,254,254,254,254,254,254,254,254,254,254,254,254,254,254,254,254,254,254,0
195,247,190,174,183,250,252,195,190,245,254,247,231,232,246,247,250,234,226,221,247,246,191,224,243,248,251,236,223,211,248,254,190,181,180,247,237,218,216,252,253,254,163,133,235,241,239,142,149,156,241,233,188,186,235,238,235,129,128,196,228,215,173,169,226,231,244,172,145,186,239,245,217,141,158,246,240,203,193,239,235,1
196,227,227,231,231,230,230,231,234,235,235,230,230,232,234,228,229,229,236,232,230,230,228,233,232,229,228,228,230,231,231,232,228,230,230,230,231,233,235,236,241,233,233,234,234,234,231,232,232,233,233,232,234,236,239,234,231,234,234,234,234,232,232,229,229,234,251,234,235,233,234,232,232,233,232,232,231,231,237,233,234,0
197,252,195,190,245,254,247,231,232,246,247,250,234,226,221,247,246,191,224,243,248,251,236,223,211,248,254,190,181,180,247,237,218,216,252,253,254,163,133,235,241,239,142,149,156,241,233,188,186,235,238,235,129,128,196,228,215,173,169,226,231,244,172,145,186,239,245,217,141,158,246,240,203,193,239,235,237,179,180,179,226,1
198,230,231,234,235,235,230,230,232,234,228,229,229,236,232,230,230,228,233,232,229,228,228,230,231,231,232,228,230,230,230,231,233,235,236,241,233,233,234,234,234,231,232,232,233,233,232,234,236,239,234,231,234,234,234,234,232,232,229,229,234,251,234,235,233,234,232,232,233,232,232,231,231,237,233,234,231,230,230,230,230,0
199,247,231,232,246,247,250,234,226,221,247,246,191,224,243,248,251,236,223,211,248,254,190,181,180,247,237,218,216,252,253,254,163,133,235,241,239,142,149,156,241,233,188,186,235,238,235,129,128,196,228,215,173,169,226,231,244,172,145,186,239,245,217,141,158,246,240,203,193,239,235,237,179,180,179,226,224,165,133,140,216,1
200,230,230,232,234,228,229,229,236,232,230,230,228,233,232,229,228,228,230,231,231,232,228,230,230,230,231,233,235,236,241,233,233,234,234,234,231,232,232,233,233,232,234,236,239,234,231,234,234,234,234,232,232,229,229,234,251,234,235,233,234,232,232,233,232,232,231,231,237,233,234,231,230,230,230,230,232,232,232,232,233,0
201,250,234,226,221,247,246,191,224,243,248,251,236,223,211,248,254,190,181,180,247,237,218,216,252,253,254,163,133,235,241,239,142,149,156,241,233,188,186,235,238,235,129,128,196,228,215,173,169,226,231,244,172,145,186,239,245,217,141,158,246,240,203,193,239,235,237,179,180,179,226,224,165,133,140,216,235,198,193,205,250,1
202,229,229,236,232,230,230,228,233,232,229,228,228,230,231,231,232,228,230,230,230,231,233,235,236,241,233,233,234,234,234,231,232,232,233,233,232,234,236,239,234,231,234,234,234,234,232,232,229,229,234,251,234,235,233,234,232,232,233,232,232,231,231,237,233,234,231,230,230,230,230,232,232,232,232,233,234,231,231,231,232,0
203,246,191,224,243,248,251,236,223,211,248,254,190,181,180,247,237,218,216,252,253,254,163,133,235,241,239,142,149,156,241,233,188,186,235,238,235,129,128,196,228,215,173,169,226,231,244,172,145,186,239,245,217,141,158,246,240,203,193,239,235,237,179,180,179,226,224,165,133,140,216,235,198,193,205,250,247,125,128,176,239,1
204,230,228,233,232,229,228,228,230,231,231,232,228,230,230,230,231,233,235,236,241,233,233,234,234,234,231,232,232,233,233,232,234,236,239,234,231,234,234,234,234,232,232,229,229,234,251,234,235,233,234,232,232,233,232,232,231,231,237,233,234,231,230,230,230,230,232,232,232,232,233,234,231,231,231,232,233,233,233,234,235,0
205,254,250,251,253,254,252,237,254,252,253,254,235,251,250,252,254,241,253,253,254,254,235,250,253,254,254,250,251,253,253,254,254,252,251,254,254,248,250,251,254,251,244,248,250,254,252,241,254,251,254,252,250,249,254,254,254,235,250,254,254,254,238,244,250,254,254,234,250,251,254,252,248,249,253,254,254,232,250,253,252,1
206,150,153,152,151,151,149,149,149,149,149,148,148,154,165,234,238,171,166,168,229,229,165,165,206,219,228,159,165,206,221,236,187,169,165,232,219,147,147,147,247,150,153,152,152,161,152,152,152,152,152,156,151,159,155,158,156,156,154,154,154,154,154,157,161,155,155,154,157,157,148,146,146,146,146,146,145,145,145,148,148,0
207,252,237,254,252,253,254,235,251,250,252,254,241,253,253,254,254,235,250,253,254,254,250,251,253,253,254,254,252,251,254,254,248,250,251,254,251,244,248,250,254,252,241,254,251,254,252,250,249,254,254,254,235,250,254,254,254,238,244,250,254,254,234,250,251,254,252,248,249,253,254,254,232,250,253,252,251,227,250,250,254,1
208,149,149,149,149,149,148,148,154,165,234,238,171,166,168,229,229,165,165,206,219,228,159,165,206,221,236,187,169,165,232,219,147,147,147,247,150,153,152,152,161,152,152,152,152,152,156,151,159,155,158,156,156,154,154,154,154,154,157,161,155,155,154,157,157,148,146,146,146,146,146,145,145,145,148,148,148,149,161,157,152,0
209,254,235,251,250,252,254,241,253,253,254,254,235,250,253,254,254,250,251,253,253,254,254,252,251,254,254,248,250,251,254,251,244,248,250,254,252,241,254,251,254,252,250,249,254,254,254,235,250,254,254,254,238,244,250,254,254,234,250,251,254,252,248,249,253,254,254,232,250,253,252,251,227,250,250,254,254,227,245,252,251,1
210,148,148,154,165,234,238,171,166,168,229,229,165,165,206,219,228,159,165,206,221,236,187,169,165,232,219,147,147,147,247,150,153,152,152,161,152,152,152,152,152,156,151,159,155,158,156,156,154,154,154,154,154,157,161,155,155,154,157,157,148,146,146,146,146,146,145,145,145,148,148,148,149,161,157,152,145,145,143,148,148,0
211,254,241,253,253,254,254,235,250,253,254,254,250,251,253,253,254,254,252,251,254,254,248,250,251,254,251,244,248,250,254,252,241,254,251,254,252,250,249,254,254,254,235,250,254,254,254,238,244,250,254,254,234,250,251,254,252,248,249,253,254,254,232,250,253,252,251,227,250,250,254,254,227,245,252,251,251,229,251,252,253,1
212,238,171,166,168,229,229,165,165,206,219,228,159,165,206,221,236,187,169,165,232,219,147,147,147,247,150,153,152,152,161,152,152,152,152,152,156,151,159,155,158,156,156,154,154,154,154,154,157,161,155,155,154,157,157,148,146,146,146,146,146,145,145,145,148,148,148,149,161,157,152,145,145,143,148,148,148,146,144,143,143,0
213,254,235,250,253,254,254,250,251,253,253,254,254,252,251,254,254,248,250,251,254,251,244,248,250,254,252,241,254,251,254,252,250,249,254,254,254,235,250,254,254,254,238,244,250,254,254,234,250,251,254,252,248,249,253,254,254,232,250,253,252,251,227,250,250,254,254,227,245,252,251,251,229,251,252,253,251,230,247,246,254,1
214,229,165,165,206,219,228,159,165,206,221,236,187,169,165,232,219,147,147,147,247,150,153,152,152,161,152,152,152,152,152,156,151,159,155,158,156,156,154,154,154,154,154,157,161,155,155,154,157,157,148,146,146,146,146,146,145,145,145,148,148,148,149,161,157,152,145,145,143,148,148,148,146,144,143,143,152,148,164,160,154,0
215,254,250,251,253,253,254,254,252,251,254,254,248,250,251,254,251,244,248,250,254,252,241,254,251,254,252,250,249,254,254,254,235,250,254,254,254,238,244,250,254,254,234,250,251,254,252,248,249,253,254,254,232,250,253,252,251,227,250,250,254,254,227,245,252,251,251,229,251,252,253,251,230,247,246,254,249,228,238,253,253,1
216,228,159,165,206,221,236,187,169,165,232,219,147,147,147,247,150,153,152,152,161,152,152,152,152,152,156,151,159,155,158,156,156,154,154,154,154,154,157,161,155,155,154,157,157,148,146,146,146,146,146,145,145,145,148,148,148,149,161,157,152,145,145,143,148,148,148,146,144,143,143,152,148,164,160,154,144,147,147,147,147,0
217,254,254,252,251,254,254,248,250,251,254,251,244,248,250,254,252,241,254,251,254,252,250,249,254,254,254,235,250,254,254,254,238,244,250,254,254,234,250,251,254,252,248,249,253,254,254,232,250,253,252,251,227,250,250,254,254,227,245,252,251,251,229,251,252,253,251,230,247,246,254,249,228,238,253,253,248,244,250,250,253,1
218,236,187,169,165,232,219,147,147,147,247,150,153,152,152,161,152,152,152,152,152,156,151,159,155,158,156,156,154,154,154,154,154,157,161,155,155,154,157,157,148,146,146,146,146,146,145,145,145,148,148,148,149,161,157,152,145,145,143,148,148,148,146,144,143,143,152,148,164,160,154,144,147,147,147,147,148,149,149,149,149,0
219,254,248,250,251,254,251,244,248,250,254,252,241,254,251,254,252,250,249,254,254,254,235,250,254,254,254,238,244,250,254,254,234,250,251,254,252,248,249,253,254,254,232,250,253,252,251,227,250,250,254,254,227,245,252,251,251,229,251,252,253,251,230,247,246,254,249,228,238,253,253,248,244,250,250,253,249,247,249,245,254,1
220,219,147,147,147,247,150,153,152,152,161,152,152,152,152,152,156,151,159,155,158,156,156,154,154,154,154,154,157,161,155,155,154,157,157,148,146,146,146,146,146,145,145,145,148,148,148,149,161,157,152,145,145,143,148,148,148,146,144,143,143,152,148,164,160,154,144,147,147,147,147,148,149,149,149,149,148,162,160,158,150,0
221,251,244,248,250,254,252,241,254,251,254,252,250,249,254,254,254,235,250,254,254,254,238,244,250,254,254,234,250,251,254,252,248,249,253,254,254,232,250,253,252,251,227,250,250,254,254,227,245,252,251,251,229,251,252,253,251,230,247,246,254,249,228,238,253,253,248,244,250,250,253,249,247,249,245,254,253,244,229,246,251,1
222,150,153,152,152,161,152,152,152,152,152,156,151,159,155,158,156,156,154,154,154,154,154,157,161,155,155,154,157,157,148,146,146,146,146,146,145,145,145,148,148,148,149,161,157,152,145,145,143,148,148,148,146,144,143,143,152,148,164,160,154,144,147,147,147,147,148,149,149,149,149,148,162,160,158,150,152,152,152,152,152,0
223,252,241,254,251,254,252,250,249,254,254,254,235,250,254,254,254,238,244,250,254,254,234,250,251,254,252,248,249,253,254,254,232,250,253,252,251,227,250,250,254,254,227,245,252,251,251,229,251,252,253,251,230,247,246,254,249,228,238,253,253,248,244,250,250,253,249,247,249,245,254,253,244,229,246,251,247,227,240,247,254,1
224,152,152,152,152,152,156,151,159,155,158,156,156,154,154,154,154,154,157,161,155,155,154,157,157,148,146,146,146,146,146,145,145,145,148,148,148,149,161,157,152,145,145,143,148,148,148,146,144,143,143,152,148,164,160,154,144,147,147,147,147,148,149,149,149,149,148,162,160,158,150,152,152,152,152,152,148,144,144,144,144,0
225,252,250,249,254,254,254,235,250,254,254,254,238,244,250,254,254,234,250,251,254,252,248,249,253,254,254,232,250,253,252,251,227,250,250,254,254,227,245,252,251,251,229,251,252,253,251,230,247,246,254,249,228,238,253,253,248,244,250,250,253,249,247,249,245,254,253,244,229,246,251,247,227,240,247,254,252,243,244,242,254,1
226,156,151,159,155,158,156,156,154,154,154,154,154,157,161,155,155,154,157,157,148,146,146,146,146,146,145,145,145,148,148,148,149,161,157,152,145,145,143,148,148,148,146,144,143,143,152,148,164,160,154,144,147,147,147,147,148,149,149,149,149,148,162,160,158,150,152,152,152,152,152,148,144,144,144,144,150,155,152,152,154,0
227,254,235,250,254,254,254,238,244,250,254,254,234,250,251,254,252,248,249,253,254,254,232,250,253,252,251,227,250,250,254,254,227,245,252,251,251,229,251,252,253,251,230,247,246,254,249,228,238,253,253,248,244,250,250,253,249,247,249,245,254,253,244,229,246,251,247,227,240,247,254,252,243,244,242,254,250,219,236,251,245,1
228,156,156,154,154,154,154,154,157,161,155,155,154,157,157,148,146,146,146,146,146,145,145,145,148,148,148,149,161,157,152,145,145,143,148,148,148,146,144,143,143,152,148,164,160,154,144,147,147,147,147,148,149,149,149,149,148,162,160,158,150,152,152,152,152,152,148,144,144,144,144,150,155,152,152,154,151,144,144,148,145,0
229,254,238,244,250,254,254,234,250,251,254,252,248,249,253,254,254,232,250,253,252,251,227,250,250,254,254,227,245,252,251,251,229,251,252,253,251,230,247,246,254,249,228,238,253,253,248,244,250,250,253,249,247,249,245,254,253,244,229,246,251,247,227,240,247,254,252,243,244,242,254,250,219,236,251,245,253,246,220,246,253,1
230,154,154,157,161,155,155,154,157,157,148,146,146,146,146,146,145,145,145,148,148,148,149,161,157,152,145,145,143,148,148,148,146,144,143,143,152,148,164,160,154,144,147,147,147,147,148,149,149,149,149,148,162,160,158,150,152,152,152,152,152,148,144,144,144,144,150,155,152,152,154,151,144,144,148,145,151,151,151,151,149,0
231,254,234,250,251,254,252,248,249,253,254,254,232,250,253,252,251,227,250,250,254,254,227,245,252,251,251,229,251,252,253,251,230,247,246,254,249,228,238,253,253,248,244,250,250,253,249,247,249,245,254,253,244,229,246,251,247,227,240,247,254,252,243,244,242,254,250,219,236,251,245,253,246,220,246,253,249,229,242,243,249,1
232,155,154,157,157,148,146,146,146,146,146,145,145,145,148,148,148,149,161,157,152,145,145,143,148,148,148,146,144,143,143,152,148,164,160,154,144,147,147,147,147,148,149,149,149,149,148,162,160,158,150,152,152,152,152,152,148,144,144,144,144,150,155,152,152,154,151,144,144,148,145,151,151,151,151,149,180,143,148,148,147,0
233,252,248,249,253,254,254,232,250,253,252,251,227,250,250,254,254,227,245,252,251,251,229,251,252,253,251,230,247,246,254,249,228,238,253,253,248,244,250,250,253,249,247,249,245,254,253,244,229,246,251,247,227,240,247,254,252,243,244,242,254,250,219,236,251,245,253,246,220,246,253,249,229,242,243,249,249,227,246,249,248,1
234,146,146,146,146,146,145,145,145,148,148,148,149,161,157,152,145,145,143,148,148,148,146,144,143,143,152,148,164,160,154,144,147,147,147,147,148,149,149,149,149,148,162,160,158,150,152,152,152,152,152,148,144,144,144,144,150,155,152,152,154,151,144,144,148,145,151,151,151,151,149,180,143,148,148,147,150,146,146,146,148,0
235,254,232,250,253,252,251,227,250,250,254,254,227,245,252,251,251,229,251,252,253,251,230,247,246,254,249,228,238,253,253,248,244,250,250,253,249,247,249,245,254,253,244,229,246,251,247,227,240,247,254,252,243,244,242,254,250,219,236,251,245,253,246,220,246,253,249,229,242,243,249,249,227,246,249,248,254,230,245,252,254,1
236,145,145,145,148,148,148,149,161,157,152,145,145,143,148,148,148,146,144,143,143,152,148,164,160,154,144,147,147,147,147,148,149,149,149,149,148,162,160,158,150,152,152,152,152,152,148,144,144,144,144,150,155,152,152,154,151,144,144,148,145,151,151,151,151,149,180,143,148,148,147,150,146,146,146,148,237,198,200,225,233,0
237,251,227,250,250,254,254,227,245,252,251,251,229,251,252,253,251,230,247,246,254,249,228,238,253,253,248,244,250,250,253,249,247,249,245,254,253,244,229,246,251,247,227,240,247,254,252,243,244,242,254,250,219,236,251,245,253,246,220,246,253,249,229,242,243,249,249,227,246,249,248,254,230,245,252,254,254,227,234,249,253,1
238,148,149,161,157,152,145,145,143,148,148,148,146,144,143,143,152,148,164,160,154,144,147,147,147,147,148,149,149,149,149,148,162,160,158,150,152,152,152,152,152,148,144,144,144,144,150,155,152,152,154,151,144,144,148,145,151,151,151,151,149,180,143,148,148,147,150,146,146,146,148,237,198,200,225,233,233,163,195,214,220,0
239,254,227,245,252,251,251,229,251,252,253,251,230,247,246,254,249,228,238,253,253,248,244,250,250,253,249,247,249,245,254,253,244,229,246,251,247,227,240,247,254,252,243,244,242,254,250,219,236,251,245,253,246,220,246,253,249,229,242,243,249,249,227,246,249,248,254,230,245,252,254,254,227,234,249,253,251,232,232,246,248,1
240,145,145,143,148,148,148,146,144,143,143,152,148,164,160,154,144,147,147,147,147,148,149,149,149,149,148,162,160,158,150,152,152,152,152,152,148,144,144,144,144,150,155,152,152,154,151,144,144,148,145,151,151,151,151,149,180,143,148,148,147,150,146,146,146,148,237,198,200,225,233,233,163,195,214,220,214,199,192,211,230,0
241,251,229,251,252,253,251,230,247,246,254,249,228,238,253,253,248,244,250,250,253,249,247,249,245,254,253,244,229,246,251,247,227,240,247,254,252,243,244,242,254,250,219,236,251,245,253,246,220,246,253,249,229,242,243,249,249,227,246,249,248,254,230,245,252,254,254,227,234,249,253,251,232,232,246,248,254,225,236,240,254,1
242,148,146,144,143,143,152,148,164,160,154,144,147,147,147,147,148,149,149,149,149,148,162,160,158,150,152,152,152,152,152,148,144,144,144,144,150,155,152,152,154,151,144,144,148,145,151,151,151,151,149,180,143,148,148,147,150,146,146,146,148,237,198,200,225,233,233,163,195,214,220,214,199,192,211,230,227,186,191,196,221,0
243,251,230,247,246,254,249,228,238,253,253,248,244,250,250,253,249,247,249,245,254,253,244,229,246,251,247,227,240,247,254,252,243,244,242,254,250,219,236,251,245,253,246,220,246,253,249,229,242,243,249,249,227,246,249,248,254,230,245,252,254,254,227,234,249,253,251,232,232,246,248,254,225,236,240,254,254,239,237,249,253,1
244,152,148,164,160,154,144,147,147,147,147,148,149,149,149,149,148,162,160,158,150,152,152,152,152,152,148,144,144,144,144,150,155,152,152,154,151,144,144,148,145,151,151,151,151,149,180,143,148,148,147,150,146,146,146,148,237,198,200,225,233,233,163,195,214,220,214,199,192,211,230,227,186,191,196,221,212,201,208,193,213,0
245,249,228,238,253,253,248,244,250,250,253,249,247,249,245,254,253,244,229,246,251,247,227,240,247,254,252,243,244,242,254,250,219,236,251,245,253,246,220,246,253,249,229,242,243,249,249,227,246,249,248,254,230,245,252,254,254,227,234,249,253,251,232,232,246,248,254,225,236,240,254,254,239,237,249,253,253,242,236,254,252,1
246,144,147,147,147,147,148,149,149,149,149,148,162,160,158,150,152,152,152,152,152,148,144,144,144,144,150,155,152,152,154,151,144,144,148,145,151,151,151,151,149,180,143,148,148,147,150,146,146,146,148,237,198,200,225,233,233,163,195,214,220,214,199,192,211,230,227,186,191,196,221,212,201,208,193,213,213,180,178,239,237,0
247,248,244,250,250,253,249,247,249,245,254,253,244,229,246,251,247,227,240,247,254,252,243,244,242,254,250,219,236,251,245,253,246,220,246,253,249,229,242,243,249,249,227,246,249,248,254,230,245,252,254,254,227,234,249,253,251,232,232,246,248,254,225,236,240,254,254,239,237,249,253,253,242,236,254,252,253,227,237,240,253,1
248,148,149,149,149,149,148,162,160,158,150,152,152,152,152,152,148,144,144,144,144,150,155,152,152,154,151,144,144,148,145,151,151,151,151,149,180,143,148,148,147,150,146,146,146,148,237,198,200,225,233,233,163,195,214,220,214,199,192,211,230,227,186,191,196,221,212,201,208,193,213,213,180,178,239,237,236,175,161,167,197,0
249,249,247,249,245,254,253,244,229,246,251,247,227,240,247,254,252,243,244,242,254,250,219,236,251,245,253,246,220,246,253,249,229,242,243,249,249,227,246,249,248,254,230,245,252,254,254,227,234,249,253,251,232,232,246,248,254,225,236,240,254,254,239,237,249,253,253,242,236,254,252,253,227,237,240,253,253,248,228,242,252,1
250,148,162,160,158,150,152,152,152,152,152,148,144,144,144,144,150,155,152,152,154,151,144,144,148,145,151,151,151,151,149,180,143,148,148,147,150,146,146,146,148,237,198,200,225,233,233,163,195,214,220,214,199,192,211,230,227,186,191,196,221,212,201,208,193,213,213,180,178,239,237,236,175,161,167,197,197,198,163,167,228,0
251,253,244,229,246,251,247,227,240,247,254,252,243,244,242,254,250,219,236,251,245,253,246,220,246,253,249,229,242,243,249,249,227,246,249,248,254,230,245,252,254,254,227,234,249,253,251,232,232,246,248,254,225,236,240,254,254,239,237,249,253,253,242,236,254,252,253,227,237,240,253,253,248,228,242,252,251,230,213,228,249,1
252,152,152,152,152,152,148,144,144,144,144,150,155,152,152,154,151,144,144,148,145,151,151,151,151,149,180,143,148,148,147,150,146,146,146,148,237,198,200,225,233,233,163,195,214,220,214,199,192,211,230,227,186,191,196,221,212,201,208,193,213,213,180,178,239,237,236,175,161,167,197,197,198,163,167,228,249,196,172,165,203,0
